<annotation>
	<folder>CARS_TOPDOWN</folder>
	<filename>cartp_20.jpg</filename>
	<path>C:\Users\sammy\OneDrive\Documents\Maths Assignments\Dissertation\TOPDOWN_IMGS\CARS_TOPDOWN\cartp_20.jpg</path>
	<source>
		<database>Unknown</database>
	</source>
	<size>
		<width>1600</width>
		<height>1690</height>
		<depth>3</depth>
	</size>
	<segmented>0</segmented>
	<object>
		<name>car</name>
		<pose>Unspecified</pose>
		<truncated>0</truncated>
		<difficult>0</difficult>
		<bndbox>
			<xmin>484</xmin>
			<ymin>114</ymin>
			<xmax>1121</xmax>
			<ymax>1477</ymax>
		</bndbox>
	</object>
</annotation>