<annotation>
	<folder>HOUSES_TOPDOWN</folder>
	<filename>housetp_52.jpg</filename>
	<path>C:\Users\sammy\OneDrive\Documents\Maths Assignments\Dissertation\TOPDOWN_IMGS\HOUSES_TOPDOWN\housetp_52.jpg</path>
	<source>
		<database>Unknown</database>
	</source>
	<size>
		<width>600</width>
		<height>600</height>
		<depth>3</depth>
	</size>
	<segmented>0</segmented>
	<object>
		<name>house</name>
		<pose>Unspecified</pose>
		<truncated>0</truncated>
		<difficult>0</difficult>
		<bndbox>
			<xmin>387</xmin>
			<ymin>304</ymin>
			<xmax>532</xmax>
			<ymax>447</ymax>
		</bndbox>
	</object>
	<object>
		<name>house</name>
		<pose>Unspecified</pose>
		<truncated>0</truncated>
		<difficult>0</difficult>
		<bndbox>
			<xmin>105</xmin>
			<ymin>160</ymin>
			<xmax>333</xmax>
			<ymax>409</ymax>
		</bndbox>
	</object>
	<object>
		<name>house</name>
		<pose>Unspecified</pose>
		<truncated>0</truncated>
		<difficult>0</difficult>
		<bndbox>
			<xmin>263</xmin>
			<ymin>211</ymin>
			<xmax>423</xmax>
			<ymax>332</ymax>
		</bndbox>
	</object>
</annotation>