<annotation>
	<folder>HOUSES_TOPDOWN</folder>
	<filename>housetp_23.jpg</filename>
	<path>C:\Users\sammy\OneDrive\Documents\Maths Assignments\Dissertation\TOPDOWN_IMGS\HOUSES_TOPDOWN\housetp_23.jpg</path>
	<source>
		<database>Unknown</database>
	</source>
	<size>
		<width>1500</width>
		<height>1225</height>
		<depth>3</depth>
	</size>
	<segmented>0</segmented>
	<object>
		<name>house</name>
		<pose>Unspecified</pose>
		<truncated>0</truncated>
		<difficult>0</difficult>
		<bndbox>
			<xmin>454</xmin>
			<ymin>451</ymin>
			<xmax>990</xmax>
			<ymax>862</ymax>
		</bndbox>
	</object>
	<object>
		<name>house</name>
		<pose>Unspecified</pose>
		<truncated>0</truncated>
		<difficult>0</difficult>
		<bndbox>
			<xmin>3</xmin>
			<ymin>373</ymin>
			<xmax>487</xmax>
			<ymax>718</ymax>
		</bndbox>
	</object>
	<object>
		<name>house</name>
		<pose>Unspecified</pose>
		<truncated>1</truncated>
		<difficult>0</difficult>
		<bndbox>
			<xmin>1057</xmin>
			<ymin>548</ymin>
			<xmax>1500</xmax>
			<ymax>984</ymax>
		</bndbox>
	</object>
	<object>
		<name>house</name>
		<pose>Unspecified</pose>
		<truncated>0</truncated>
		<difficult>0</difficult>
		<bndbox>
			<xmin>487</xmin>
			<ymin>153</ymin>
			<xmax>745</xmax>
			<ymax>319</ymax>
		</bndbox>
	</object>
	<object>
		<name>house</name>
		<pose>Unspecified</pose>
		<truncated>0</truncated>
		<difficult>0</difficult>
		<bndbox>
			<xmin>240</xmin>
			<ymin>126</ymin>
			<xmax>487</xmax>
			<ymax>292</ymax>
		</bndbox>
	</object>
	<object>
		<name>house</name>
		<pose>Unspecified</pose>
		<truncated>0</truncated>
		<difficult>0</difficult>
		<bndbox>
			<xmin>785</xmin>
			<ymin>169</ymin>
			<xmax>1046</xmax>
			<ymax>365</ymax>
		</bndbox>
	</object>
	<object>
		<name>house</name>
		<pose>Unspecified</pose>
		<truncated>0</truncated>
		<difficult>0</difficult>
		<bndbox>
			<xmin>1124</xmin>
			<ymin>199</ymin>
			<xmax>1431</xmax>
			<ymax>401</ymax>
		</bndbox>
	</object>
	<object>
		<name>vegetation</name>
		<pose>Unspecified</pose>
		<truncated>1</truncated>
		<difficult>0</difficult>
		<bndbox>
			<xmin>1370</xmin>
			<ymin>38</ymin>
			<xmax>1500</xmax>
			<ymax>262</ymax>
		</bndbox>
	</object>
	<object>
		<name>house</name>
		<pose>Unspecified</pose>
		<truncated>0</truncated>
		<difficult>0</difficult>
		<bndbox>
			<xmin>93</xmin>
			<ymin>10</ymin>
			<xmax>281</xmax>
			<ymax>127</ymax>
		</bndbox>
	</object>
	<object>
		<name>house</name>
		<pose>Unspecified</pose>
		<truncated>0</truncated>
		<difficult>0</difficult>
		<bndbox>
			<xmin>457</xmin>
			<ymin>32</ymin>
			<xmax>631</xmax>
			<ymax>157</ymax>
		</bndbox>
	</object>
	<object>
		<name>house</name>
		<pose>Unspecified</pose>
		<truncated>0</truncated>
		<difficult>0</difficult>
		<bndbox>
			<xmin>650</xmin>
			<ymin>45</ymin>
			<xmax>841</xmax>
			<ymax>179</ymax>
		</bndbox>
	</object>
	<object>
		<name>house</name>
		<pose>Unspecified</pose>
		<truncated>0</truncated>
		<difficult>0</difficult>
		<bndbox>
			<xmin>872</xmin>
			<ymin>57</ymin>
			<xmax>1066</xmax>
			<ymax>200</ymax>
		</bndbox>
	</object>
	<object>
		<name>house</name>
		<pose>Unspecified</pose>
		<truncated>0</truncated>
		<difficult>0</difficult>
		<bndbox>
			<xmin>1119</xmin>
			<ymin>73</ymin>
			<xmax>1328</xmax>
			<ymax>221</ymax>
		</bndbox>
	</object>
	<object>
		<name>vegetation</name>
		<pose>Unspecified</pose>
		<truncated>0</truncated>
		<difficult>0</difficult>
		<bndbox>
			<xmin>9</xmin>
			<ymin>653</ymin>
			<xmax>89</xmax>
			<ymax>719</ymax>
		</bndbox>
	</object>
	<object>
		<name>vegetation</name>
		<pose>Unspecified</pose>
		<truncated>0</truncated>
		<difficult>0</difficult>
		<bndbox>
			<xmin>642</xmin>
			<ymin>284</ymin>
			<xmax>694</xmax>
			<ymax>390</ymax>
		</bndbox>
	</object>
</annotation>