<annotation>
	<folder>PEOPLE_TOPDOWN</folder>
	<filename>peopletp_34.jpg</filename>
	<path>C:\Users\sammy\OneDrive\Documents\Maths Assignments\Dissertation\TOPDOWN_IMGS\PEOPLE_TOPDOWN\peopletp_34.jpg</path>
	<source>
		<database>Unknown</database>
	</source>
	<size>
		<width>318</width>
		<height>470</height>
		<depth>3</depth>
	</size>
	<segmented>0</segmented>
	<object>
		<name>person</name>
		<pose>Unspecified</pose>
		<truncated>0</truncated>
		<difficult>0</difficult>
		<bndbox>
			<xmin>59</xmin>
			<ymin>30</ymin>
			<xmax>293</xmax>
			<ymax>393</ymax>
		</bndbox>
	</object>
</annotation>