<annotation>
	<folder>PEOPLE_TOPDOWN</folder>
	<filename>peopletp_31.jpg</filename>
	<path>C:\Users\sammy\OneDrive\Documents\Maths Assignments\Dissertation\TOPDOWN_IMGS\PEOPLE_TOPDOWN\peopletp_31.jpg</path>
	<source>
		<database>Unknown</database>
	</source>
	<size>
		<width>860</width>
		<height>849</height>
		<depth>3</depth>
	</size>
	<segmented>0</segmented>
	<object>
		<name>person</name>
		<pose>Unspecified</pose>
		<truncated>0</truncated>
		<difficult>0</difficult>
		<bndbox>
			<xmin>29</xmin>
			<ymin>115</ymin>
			<xmax>301</xmax>
			<ymax>472</ymax>
		</bndbox>
	</object>
	<object>
		<name>person</name>
		<pose>Unspecified</pose>
		<truncated>0</truncated>
		<difficult>0</difficult>
		<bndbox>
			<xmin>118</xmin>
			<ymin>502</ymin>
			<xmax>437</xmax>
			<ymax>789</ymax>
		</bndbox>
	</object>
	<object>
		<name>person</name>
		<pose>Unspecified</pose>
		<truncated>0</truncated>
		<difficult>0</difficult>
		<bndbox>
			<xmin>329</xmin>
			<ymin>42</ymin>
			<xmax>577</xmax>
			<ymax>462</ymax>
		</bndbox>
	</object>
	<object>
		<name>person</name>
		<pose>Unspecified</pose>
		<truncated>0</truncated>
		<difficult>0</difficult>
		<bndbox>
			<xmin>525</xmin>
			<ymin>305</ymin>
			<xmax>831</xmax>
			<ymax>673</ymax>
		</bndbox>
	</object>
</annotation>