<annotation>
	<folder>PEOPLE_TOPDOWN</folder>
	<filename>peopletp_46.jpg</filename>
	<path>C:\Users\sammy\OneDrive\Documents\Maths Assignments\Dissertation\TOPDOWN_IMGS\PEOPLE_TOPDOWN\peopletp_46.jpg</path>
	<source>
		<database>Unknown</database>
	</source>
	<size>
		<width>649</width>
		<height>515</height>
		<depth>3</depth>
	</size>
	<segmented>0</segmented>
	<object>
		<name>person</name>
		<pose>Unspecified</pose>
		<truncated>0</truncated>
		<difficult>0</difficult>
		<bndbox>
			<xmin>172</xmin>
			<ymin>2</ymin>
			<xmax>435</xmax>
			<ymax>291</ymax>
		</bndbox>
	</object>
	<object>
		<name>person</name>
		<pose>Unspecified</pose>
		<truncated>0</truncated>
		<difficult>0</difficult>
		<bndbox>
			<xmin>5</xmin>
			<ymin>338</ymin>
			<xmax>186</xmax>
			<ymax>512</ymax>
		</bndbox>
	</object>
	<object>
		<name>person</name>
		<pose>Unspecified</pose>
		<truncated>0</truncated>
		<difficult>0</difficult>
		<bndbox>
			<xmin>188</xmin>
			<ymin>365</ymin>
			<xmax>420</xmax>
			<ymax>507</ymax>
		</bndbox>
	</object>
	<object>
		<name>person</name>
		<pose>Unspecified</pose>
		<truncated>0</truncated>
		<difficult>0</difficult>
		<bndbox>
			<xmin>417</xmin>
			<ymin>253</ymin>
			<xmax>647</xmax>
			<ymax>504</ymax>
		</bndbox>
	</object>
</annotation>