<annotation>
	<folder>PEOPLE_TOPDOWN</folder>
	<filename>peopletp_19.jpg</filename>
	<path>C:\Users\sammy\OneDrive\Documents\Maths Assignments\Dissertation\TOPDOWN_IMGS\PEOPLE_TOPDOWN\peopletp_19.jpg</path>
	<source>
		<database>Unknown</database>
	</source>
	<size>
		<width>860</width>
		<height>595</height>
		<depth>3</depth>
	</size>
	<segmented>0</segmented>
	<object>
		<name>person</name>
		<pose>Unspecified</pose>
		<truncated>0</truncated>
		<difficult>0</difficult>
		<bndbox>
			<xmin>355</xmin>
			<ymin>41</ymin>
			<xmax>636</xmax>
			<ymax>465</ymax>
		</bndbox>
	</object>
	<object>
		<name>person</name>
		<pose>Unspecified</pose>
		<truncated>0</truncated>
		<difficult>0</difficult>
		<bndbox>
			<xmin>645</xmin>
			<ymin>130</ymin>
			<xmax>808</xmax>
			<ymax>556</ymax>
		</bndbox>
	</object>
</annotation>