<annotation>
	<folder>PEOPLE_TOPDOWN</folder>
	<filename>peopletp_42.jpg</filename>
	<path>C:\Users\sammy\OneDrive\Documents\Maths Assignments\Dissertation\TOPDOWN_IMGS\PEOPLE_TOPDOWN\peopletp_42.jpg</path>
	<source>
		<database>Unknown</database>
	</source>
	<size>
		<width>881</width>
		<height>1300</height>
		<depth>3</depth>
	</size>
	<segmented>0</segmented>
	<object>
		<name>person</name>
		<pose>Unspecified</pose>
		<truncated>0</truncated>
		<difficult>0</difficult>
		<bndbox>
			<xmin>141</xmin>
			<ymin>144</ymin>
			<xmax>663</xmax>
			<ymax>1069</ymax>
		</bndbox>
	</object>
</annotation>