<annotation>
	<folder>ROCK_TOPDOWN</folder>
	<filename>rocktp_14.jpg</filename>
	<path>C:\Users\sammy\OneDrive\Documents\Maths Assignments\Dissertation\TOPDOWN_IMGS\ROCK_TOPDOWN\rocktp_14.jpg</path>
	<source>
		<database>Unknown</database>
	</source>
	<size>
		<width>1750</width>
		<height>1125</height>
		<depth>3</depth>
	</size>
	<segmented>0</segmented>
	<object>
		<name>rock</name>
		<pose>Unspecified</pose>
		<truncated>0</truncated>
		<difficult>0</difficult>
		<bndbox>
			<xmin>491</xmin>
			<ymin>824</ymin>
			<xmax>858</xmax>
			<ymax>1003</ymax>
		</bndbox>
	</object>
	<object>
		<name>rock</name>
		<pose>Unspecified</pose>
		<truncated>0</truncated>
		<difficult>0</difficult>
		<bndbox>
			<xmin>868</xmin>
			<ymin>736</ymin>
			<xmax>1054</xmax>
			<ymax>821</ymax>
		</bndbox>
	</object>
	<object>
		<name>vegetation</name>
		<pose>Unspecified</pose>
		<truncated>0</truncated>
		<difficult>0</difficult>
		<bndbox>
			<xmin>408</xmin>
			<ymin>67</ymin>
			<xmax>1152</xmax>
			<ymax>643</ymax>
		</bndbox>
	</object>
	<object>
		<name>vegetation</name>
		<pose>Unspecified</pose>
		<truncated>0</truncated>
		<difficult>0</difficult>
		<bndbox>
			<xmin>3</xmin>
			<ymin>18</ymin>
			<xmax>386</xmax>
			<ymax>693</ymax>
		</bndbox>
	</object>
</annotation>