<annotation>
	<folder>ROCK_TOPDOWN</folder>
	<filename>rocktp_27.jpg</filename>
	<path>C:\Users\sammy\OneDrive\Documents\Maths Assignments\Dissertation\TOPDOWN_IMGS\ROCK_TOPDOWN\rocktp_27.jpg</path>
	<source>
		<database>Unknown</database>
	</source>
	<size>
		<width>1067</width>
		<height>800</height>
		<depth>3</depth>
	</size>
	<segmented>0</segmented>
	<object>
		<name>vegetation</name>
		<pose>Unspecified</pose>
		<truncated>0</truncated>
		<difficult>0</difficult>
		<bndbox>
			<xmin>418</xmin>
			<ymin>78</ymin>
			<xmax>678</xmax>
			<ymax>279</ymax>
		</bndbox>
	</object>
	<object>
		<name>rock</name>
		<pose>Unspecified</pose>
		<truncated>1</truncated>
		<difficult>0</difficult>
		<bndbox>
			<xmin>50</xmin>
			<ymin>564</ymin>
			<xmax>513</xmax>
			<ymax>800</ymax>
		</bndbox>
	</object>
	<object>
		<name>rock</name>
		<pose>Unspecified</pose>
		<truncated>1</truncated>
		<difficult>0</difficult>
		<bndbox>
			<xmin>376</xmin>
			<ymin>555</ymin>
			<xmax>806</xmax>
			<ymax>800</ymax>
		</bndbox>
	</object>
	<object>
		<name>rock</name>
		<pose>Unspecified</pose>
		<truncated>1</truncated>
		<difficult>0</difficult>
		<bndbox>
			<xmin>706</xmin>
			<ymin>448</ymin>
			<xmax>1067</xmax>
			<ymax>800</ymax>
		</bndbox>
	</object>
	<object>
		<name>vegetation</name>
		<pose>Unspecified</pose>
		<truncated>0</truncated>
		<difficult>0</difficult>
		<bndbox>
			<xmin>912</xmin>
			<ymin>222</ymin>
			<xmax>999</xmax>
			<ymax>283</ymax>
		</bndbox>
	</object>
	<object>
		<name>vegetation</name>
		<pose>Unspecified</pose>
		<truncated>0</truncated>
		<difficult>0</difficult>
		<bndbox>
			<xmin>867</xmin>
			<ymin>212</ymin>
			<xmax>923</xmax>
			<ymax>290</ymax>
		</bndbox>
	</object>
	<object>
		<name>vegetation</name>
		<pose>Unspecified</pose>
		<truncated>0</truncated>
		<difficult>0</difficult>
		<bndbox>
			<xmin>545</xmin>
			<ymin>267</ymin>
			<xmax>600</xmax>
			<ymax>308</ymax>
		</bndbox>
	</object>
	<object>
		<name>vegetation</name>
		<pose>Unspecified</pose>
		<truncated>0</truncated>
		<difficult>0</difficult>
		<bndbox>
			<xmin>673</xmin>
			<ymin>280</ymin>
			<xmax>735</xmax>
			<ymax>322</ymax>
		</bndbox>
	</object>
</annotation>