<annotation>
	<folder>ROCK_TOPDOWN</folder>
	<filename>rocktp_44.jpg</filename>
	<path>C:\Users\sammy\OneDrive\Documents\Maths Assignments\Dissertation\TOPDOWN_IMGS\ROCK_TOPDOWN\rocktp_44.jpg</path>
	<source>
		<database>Unknown</database>
	</source>
	<size>
		<width>525</width>
		<height>700</height>
		<depth>3</depth>
	</size>
	<segmented>0</segmented>
	<object>
		<name>rock</name>
		<pose>Unspecified</pose>
		<truncated>0</truncated>
		<difficult>0</difficult>
		<bndbox>
			<xmin>75</xmin>
			<ymin>205</ymin>
			<xmax>433</xmax>
			<ymax>494</ymax>
		</bndbox>
	</object>
	<object>
		<name>person</name>
		<pose>Unspecified</pose>
		<truncated>0</truncated>
		<difficult>0</difficult>
		<bndbox>
			<xmin>69</xmin>
			<ymin>423</ymin>
			<xmax>88</xmax>
			<ymax>500</ymax>
		</bndbox>
	</object>
</annotation>