<annotation>
	<folder>SHEEPS_TOPDOWN</folder>
	<filename>sheep70.jpg</filename>
	<path>C:\Users\sammy\OneDrive\Documents\Maths Assignments\Dissertation\TOPDOWN_IMGS\SHEEPS_TOPDOWN\sheep70.jpg</path>
	<source>
		<database>Unknown</database>
	</source>
	<size>
		<width>93</width>
		<height>107</height>
		<depth>3</depth>
	</size>
	<segmented>0</segmented>
	<object>
		<name>sheep</name>
		<pose>Unspecified</pose>
		<truncated>1</truncated>
		<difficult>0</difficult>
		<bndbox>
			<xmin>2</xmin>
			<ymin>3</ymin>
			<xmax>93</xmax>
			<ymax>104</ymax>
		</bndbox>
	</object>
</annotation>