<annotation>
	<folder>SHEEPS_TOPDOWN</folder>
	<filename>sheep94.jpg</filename>
	<path>C:\Users\sammy\OneDrive\Documents\Maths Assignments\Dissertation\TOPDOWN_IMGS\SHEEPS_TOPDOWN\sheep94.jpg</path>
	<source>
		<database>Unknown</database>
	</source>
	<size>
		<width>129</width>
		<height>106</height>
		<depth>3</depth>
	</size>
	<segmented>0</segmented>
	<object>
		<name>sheep</name>
		<pose>Unspecified</pose>
		<truncated>0</truncated>
		<difficult>0</difficult>
		<bndbox>
			<xmin>4</xmin>
			<ymin>15</ymin>
			<xmax>112</xmax>
			<ymax>88</ymax>
		</bndbox>
	</object>
</annotation>