<annotation>
	<folder>TREES_TOPDOWN</folder>
	<filename>treetp_13.jpg</filename>
	<path>C:\Users\sammy\OneDrive\Documents\Maths Assignments\Dissertation\TOPDOWN_IMGS\TREES_TOPDOWN\treetp_13.jpg</path>
	<source>
		<database>Unknown</database>
	</source>
	<size>
		<width>840</width>
		<height>859</height>
		<depth>3</depth>
	</size>
	<segmented>0</segmented>
	<object>
		<name>vegetation</name>
		<pose>Unspecified</pose>
		<truncated>0</truncated>
		<difficult>0</difficult>
		<bndbox>
			<xmin>35</xmin>
			<ymin>27</ymin>
			<xmax>812</xmax>
			<ymax>827</ymax>
		</bndbox>
	</object>
</annotation>