<annotation>
	<folder>WATER_TOPDOWN</folder>
	<filename>watertp_44.jpg</filename>
	<path>C:\Users\sammy\OneDrive\Documents\Maths Assignments\Dissertation\TOPDOWN_IMGS\WATER_TOPDOWN\watertp_44.jpg</path>
	<source>
		<database>Unknown</database>
	</source>
	<size>
		<width>7695</width>
		<height>3078</height>
		<depth>3</depth>
	</size>
	<segmented>0</segmented>
	<object>
		<name>water</name>
		<pose>Unspecified</pose>
		<truncated>0</truncated>
		<difficult>0</difficult>
		<bndbox>
			<xmin>1045</xmin>
			<ymin>1470</ymin>
			<xmax>3508</xmax>
			<ymax>2907</ymax>
		</bndbox>
	</object>
	<object>
		<name>water</name>
		<pose>Unspecified</pose>
		<truncated>0</truncated>
		<difficult>0</difficult>
		<bndbox>
			<xmin>3560</xmin>
			<ymin>1455</ymin>
			<xmax>6671</xmax>
			<ymax>3012</ymax>
		</bndbox>
	</object>
	<object>
		<name>rock</name>
		<pose>Unspecified</pose>
		<truncated>0</truncated>
		<difficult>0</difficult>
		<bndbox>
			<xmin>1318</xmin>
			<ymin>2023</ymin>
			<xmax>2155</xmax>
			<ymax>2902</ymax>
		</bndbox>
	</object>
	<object>
		<name>rock</name>
		<pose>Unspecified</pose>
		<truncated>0</truncated>
		<difficult>0</difficult>
		<bndbox>
			<xmin>524</xmin>
			<ymin>1276</ymin>
			<xmax>1518</xmax>
			<ymax>1855</ymax>
		</bndbox>
	</object>
	<object>
		<name>rock</name>
		<pose>Unspecified</pose>
		<truncated>0</truncated>
		<difficult>0</difficult>
		<bndbox>
			<xmin>3150</xmin>
			<ymin>1665</ymin>
			<xmax>5055</xmax>
			<ymax>2212</ymax>
		</bndbox>
	</object>
</annotation>