<annotation>
	<folder>WATER_TOPDOWN</folder>
	<filename>watertp_16.jpg</filename>
	<path>C:\Users\sammy\OneDrive\Documents\Maths Assignments\Dissertation\TOPDOWN_IMGS\WATER_TOPDOWN\watertp_16.jpg</path>
	<source>
		<database>Unknown</database>
	</source>
	<size>
		<width>866</width>
		<height>1390</height>
		<depth>3</depth>
	</size>
	<segmented>0</segmented>
	<object>
		<name>water</name>
		<pose>Unspecified</pose>
		<truncated>0</truncated>
		<difficult>0</difficult>
		<bndbox>
			<xmin>187</xmin>
			<ymin>822</ymin>
			<xmax>700</xmax>
			<ymax>1207</ymax>
		</bndbox>
	</object>
	<object>
		<name>water</name>
		<pose>Unspecified</pose>
		<truncated>0</truncated>
		<difficult>0</difficult>
		<bndbox>
			<xmin>295</xmin>
			<ymin>593</ymin>
			<xmax>828</xmax>
			<ymax>728</ymax>
		</bndbox>
	</object>
	<object>
		<name>water</name>
		<pose>Unspecified</pose>
		<truncated>0</truncated>
		<difficult>0</difficult>
		<bndbox>
			<xmin>84</xmin>
			<ymin>428</ymin>
			<xmax>405</xmax>
			<ymax>479</ymax>
		</bndbox>
	</object>
	<object>
		<name>water</name>
		<pose>Unspecified</pose>
		<truncated>0</truncated>
		<difficult>0</difficult>
		<bndbox>
			<xmin>286</xmin>
			<ymin>479</ymin>
			<xmax>558</xmax>
			<ymax>525</ymax>
		</bndbox>
	</object>
	<object>
		<name>water</name>
		<pose>Unspecified</pose>
		<truncated>0</truncated>
		<difficult>0</difficult>
		<bndbox>
			<xmin>375</xmin>
			<ymin>365</ymin>
			<xmax>596</xmax>
			<ymax>390</ymax>
		</bndbox>
	</object>
	<object>
		<name>water</name>
		<pose>Unspecified</pose>
		<truncated>0</truncated>
		<difficult>0</difficult>
		<bndbox>
			<xmin>525</xmin>
			<ymin>429</ymin>
			<xmax>674</xmax>
			<ymax>462</ymax>
		</bndbox>
	</object>
	<object>
		<name>vegetation</name>
		<pose>Unspecified</pose>
		<truncated>1</truncated>
		<difficult>0</difficult>
		<bndbox>
			<xmin>1</xmin>
			<ymin>4</ymin>
			<xmax>180</xmax>
			<ymax>265</ymax>
		</bndbox>
	</object>
	<object>
		<name>vegetation</name>
		<pose>Unspecified</pose>
		<truncated>0</truncated>
		<difficult>0</difficult>
		<bndbox>
			<xmin>520</xmin>
			<ymin>7</ymin>
			<xmax>727</xmax>
			<ymax>216</ymax>
		</bndbox>
	</object>
</annotation>