<annotation>
	<folder>WATER_TOPDOWN</folder>
	<filename>watertp_69.jpg</filename>
	<path>C:\Users\sammy\OneDrive\Documents\Maths Assignments\Dissertation\TOPDOWN_IMGS\WATER_TOPDOWN\watertp_69.jpg</path>
	<source>
		<database>Unknown</database>
	</source>
	<size>
		<width>7360</width>
		<height>4140</height>
		<depth>3</depth>
	</size>
	<segmented>0</segmented>
	<object>
		<name>water</name>
		<pose>Unspecified</pose>
		<truncated>0</truncated>
		<difficult>0</difficult>
		<bndbox>
			<xmin>42</xmin>
			<ymin>1350</ymin>
			<xmax>6112</xmax>
			<ymax>2455</ymax>
		</bndbox>
	</object>
	<object>
		<name>house</name>
		<pose>Unspecified</pose>
		<truncated>0</truncated>
		<difficult>0</difficult>
		<bndbox>
			<xmin>1412</xmin>
			<ymin>3665</ymin>
			<xmax>2017</xmax>
			<ymax>3895</ymax>
		</bndbox>
	</object>
	<object>
		<name>vegetation</name>
		<pose>Unspecified</pose>
		<truncated>0</truncated>
		<difficult>0</difficult>
		<bndbox>
			<xmin>2267</xmin>
			<ymin>3305</ymin>
			<xmax>3012</xmax>
			<ymax>3775</ymax>
		</bndbox>
	</object>
	<object>
		<name>vegetation</name>
		<pose>Unspecified</pose>
		<truncated>0</truncated>
		<difficult>0</difficult>
		<bndbox>
			<xmin>3887</xmin>
			<ymin>2615</ymin>
			<xmax>5632</xmax>
			<ymax>3405</ymax>
		</bndbox>
	</object>
	<object>
		<name>vegetation</name>
		<pose>Unspecified</pose>
		<truncated>0</truncated>
		<difficult>0</difficult>
		<bndbox>
			<xmin>2922</xmin>
			<ymin>3145</ymin>
			<xmax>3547</xmax>
			<ymax>3400</ymax>
		</bndbox>
	</object>
	<object>
		<name>vegetation</name>
		<pose>Unspecified</pose>
		<truncated>1</truncated>
		<difficult>0</difficult>
		<bndbox>
			<xmin>42</xmin>
			<ymin>3475</ymin>
			<xmax>1662</xmax>
			<ymax>4140</ymax>
		</bndbox>
	</object>
	<object>
		<name>vegetation</name>
		<pose>Unspecified</pose>
		<truncated>1</truncated>
		<difficult>0</difficult>
		<bndbox>
			<xmin>5822</xmin>
			<ymin>2835</ymin>
			<xmax>7360</xmax>
			<ymax>3700</ymax>
		</bndbox>
	</object>
	<object>
		<name>vegetation</name>
		<pose>Unspecified</pose>
		<truncated>0</truncated>
		<difficult>0</difficult>
		<bndbox>
			<xmin>2597</xmin>
			<ymin>2860</ymin>
			<xmax>3867</xmax>
			<ymax>3225</ymax>
		</bndbox>
	</object>
</annotation>