<annotation>
	<folder>WATER_TOPDOWN</folder>
	<filename>watertp_49.jpg</filename>
	<path>C:\Users\sammy\OneDrive\Documents\Maths Assignments\Dissertation\TOPDOWN_IMGS\WATER_TOPDOWN\watertp_49.jpg</path>
	<source>
		<database>Unknown</database>
	</source>
	<size>
		<width>3504</width>
		<height>2336</height>
		<depth>3</depth>
	</size>
	<segmented>0</segmented>
	<object>
		<name>water</name>
		<pose>Unspecified</pose>
		<truncated>0</truncated>
		<difficult>0</difficult>
		<bndbox>
			<xmin>610</xmin>
			<ymin>1596</ymin>
			<xmax>2838</xmax>
			<ymax>2271</ymax>
		</bndbox>
	</object>
	<object>
		<name>vegetation</name>
		<pose>Unspecified</pose>
		<truncated>1</truncated>
		<difficult>0</difficult>
		<bndbox>
			<xmin>5</xmin>
			<ymin>1523</ymin>
			<xmax>883</xmax>
			<ymax>2336</ymax>
		</bndbox>
	</object>
	<object>
		<name>vegetation</name>
		<pose>Unspecified</pose>
		<truncated>1</truncated>
		<difficult>0</difficult>
		<bndbox>
			<xmin>1828</xmin>
			<ymin>1828</ymin>
			<xmax>3160</xmax>
			<ymax>2336</ymax>
		</bndbox>
	</object>
	<object>
		<name>vegetation</name>
		<pose>Unspecified</pose>
		<truncated>0</truncated>
		<difficult>0</difficult>
		<bndbox>
			<xmin>2948</xmin>
			<ymin>1568</ymin>
			<xmax>3313</xmax>
			<ymax>1828</ymax>
		</bndbox>
	</object>
	<object>
		<name>rock</name>
		<pose>Unspecified</pose>
		<truncated>0</truncated>
		<difficult>0</difficult>
		<bndbox>
			<xmin>2430</xmin>
			<ymin>791</ymin>
			<xmax>3323</xmax>
			<ymax>1433</ymax>
		</bndbox>
	</object>
	<object>
		<name>rock</name>
		<pose>Unspecified</pose>
		<truncated>0</truncated>
		<difficult>0</difficult>
		<bndbox>
			<xmin>1425</xmin>
			<ymin>756</ymin>
			<xmax>2353</xmax>
			<ymax>1408</ymax>
		</bndbox>
	</object>
	<object>
		<name>rock</name>
		<pose>Unspecified</pose>
		<truncated>1</truncated>
		<difficult>0</difficult>
		<bndbox>
			<xmin>1</xmin>
			<ymin>561</ymin>
			<xmax>1188</xmax>
			<ymax>1491</ymax>
		</bndbox>
	</object>
	<object>
		<name>rock</name>
		<pose>Unspecified</pose>
		<truncated>0</truncated>
		<difficult>0</difficult>
		<bndbox>
			<xmin>2055</xmin>
			<ymin>276</ymin>
			<xmax>2695</xmax>
			<ymax>511</ymax>
		</bndbox>
	</object>
	<object>
		<name>rock</name>
		<pose>Unspecified</pose>
		<truncated>0</truncated>
		<difficult>0</difficult>
		<bndbox>
			<xmin>1463</xmin>
			<ymin>353</ymin>
			<xmax>2058</xmax>
			<ymax>673</ymax>
		</bndbox>
	</object>
	<object>
		<name>rock</name>
		<pose>Unspecified</pose>
		<truncated>0</truncated>
		<difficult>0</difficult>
		<bndbox>
			<xmin>1280</xmin>
			<ymin>548</ymin>
			<xmax>1655</xmax>
			<ymax>753</ymax>
		</bndbox>
	</object>
	<object>
		<name>rock</name>
		<pose>Unspecified</pose>
		<truncated>0</truncated>
		<difficult>0</difficult>
		<bndbox>
			<xmin>675</xmin>
			<ymin>496</ymin>
			<xmax>1160</xmax>
			<ymax>693</ymax>
		</bndbox>
	</object>
</annotation>