<annotation>
	<folder>CARS_TOPDOWN</folder>
	<filename>cartp_10.jpg</filename>
	<path>C:\Users\sammy\OneDrive\Documents\Maths Assignments\Dissertation\TOPDOWN_IMGS\CARS_TOPDOWN\cartp_10.jpg</path>
	<source>
		<database>Unknown</database>
	</source>
	<size>
		<width>896</width>
		<height>448</height>
		<depth>3</depth>
	</size>
	<segmented>0</segmented>
	<object>
		<name>car</name>
		<pose>Unspecified</pose>
		<truncated>0</truncated>
		<difficult>0</difficult>
		<bndbox>
			<xmin>58</xmin>
			<ymin>55</ymin>
			<xmax>825</xmax>
			<ymax>391</ymax>
		</bndbox>
	</object>
</annotation>