<annotation>
	<folder>CARS_TOPDOWN</folder>
	<filename>cartp_16.jpg</filename>
	<path>C:\Users\sammy\OneDrive\Documents\Maths Assignments\Dissertation\TOPDOWN_IMGS\CARS_TOPDOWN\cartp_16.jpg</path>
	<source>
		<database>Unknown</database>
	</source>
	<size>
		<width>3292</width>
		<height>1641</height>
		<depth>3</depth>
	</size>
	<segmented>0</segmented>
	<object>
		<name>car</name>
		<pose>Unspecified</pose>
		<truncated>0</truncated>
		<difficult>0</difficult>
		<bndbox>
			<xmin>654</xmin>
			<ymin>291</ymin>
			<xmax>2490</xmax>
			<ymax>1443</ymax>
		</bndbox>
	</object>
</annotation>