<annotation>
	<folder>CARS_TOPDOWN</folder>
	<filename>cartp_67.jpg</filename>
	<path>C:\Users\sammy\OneDrive\Documents\Maths Assignments\Dissertation\TOPDOWN_IMGS\CARS_TOPDOWN\cartp_67.jpg</path>
	<source>
		<database>Unknown</database>
	</source>
	<size>
		<width>486</width>
		<height>612</height>
		<depth>3</depth>
	</size>
	<segmented>0</segmented>
	<object>
		<name>car</name>
		<pose>Unspecified</pose>
		<truncated>0</truncated>
		<difficult>0</difficult>
		<bndbox>
			<xmin>178</xmin>
			<ymin>412</ymin>
			<xmax>392</xmax>
			<ymax>516</ymax>
		</bndbox>
	</object>
	<object>
		<name>car</name>
		<pose>Unspecified</pose>
		<truncated>0</truncated>
		<difficult>0</difficult>
		<bndbox>
			<xmin>108</xmin>
			<ymin>210</ymin>
			<xmax>302</xmax>
			<ymax>304</ymax>
		</bndbox>
	</object>
	<object>
		<name>car</name>
		<pose>Unspecified</pose>
		<truncated>1</truncated>
		<difficult>0</difficult>
		<bndbox>
			<xmin>356</xmin>
			<ymin>217</ymin>
			<xmax>486</xmax>
			<ymax>311</ymax>
		</bndbox>
	</object>
</annotation>