<annotation>
	<folder>CARS_TOPDOWN</folder>
	<filename>cartp_58.jpg</filename>
	<path>C:\Users\sammy\OneDrive\Documents\Maths Assignments\Dissertation\TOPDOWN_IMGS\CARS_TOPDOWN\cartp_58.jpg</path>
	<source>
		<database>Unknown</database>
	</source>
	<size>
		<width>6000</width>
		<height>4000</height>
		<depth>3</depth>
	</size>
	<segmented>0</segmented>
	<object>
		<name>car</name>
		<pose>Unspecified</pose>
		<truncated>0</truncated>
		<difficult>0</difficult>
		<bndbox>
			<xmin>1236</xmin>
			<ymin>682</ymin>
			<xmax>4567</xmax>
			<ymax>2765</ymax>
		</bndbox>
	</object>
</annotation>