<annotation>
	<folder>CARS_TOPDOWN</folder>
	<filename>cartp_59.jpg</filename>
	<path>C:\Users\sammy\OneDrive\Documents\Maths Assignments\Dissertation\TOPDOWN_IMGS\CARS_TOPDOWN\cartp_59.jpg</path>
	<source>
		<database>Unknown</database>
	</source>
	<size>
		<width>1248</width>
		<height>702</height>
		<depth>3</depth>
	</size>
	<segmented>0</segmented>
	<object>
		<name>car</name>
		<pose>Unspecified</pose>
		<truncated>0</truncated>
		<difficult>0</difficult>
		<bndbox>
			<xmin>185</xmin>
			<ymin>287</ymin>
			<xmax>970</xmax>
			<ymax>680</ymax>
		</bndbox>
	</object>
</annotation>