<annotation>
	<folder>CARS_TOPDOWN</folder>
	<filename>cartp_56.jpg</filename>
	<path>C:\Users\sammy\OneDrive\Documents\Maths Assignments\Dissertation\TOPDOWN_IMGS\CARS_TOPDOWN\cartp_56.jpg</path>
	<source>
		<database>Unknown</database>
	</source>
	<size>
		<width>356</width>
		<height>200</height>
		<depth>3</depth>
	</size>
	<segmented>0</segmented>
	<object>
		<name>car</name>
		<pose>Unspecified</pose>
		<truncated>0</truncated>
		<difficult>0</difficult>
		<bndbox>
			<xmin>71</xmin>
			<ymin>126</ymin>
			<xmax>146</xmax>
			<ymax>198</ymax>
		</bndbox>
	</object>
	<object>
		<name>car</name>
		<pose>Unspecified</pose>
		<truncated>0</truncated>
		<difficult>0</difficult>
		<bndbox>
			<xmin>139</xmin>
			<ymin>3</ymin>
			<xmax>207</xmax>
			<ymax>70</ymax>
		</bndbox>
	</object>
	<object>
		<name>car</name>
		<pose>Unspecified</pose>
		<truncated>0</truncated>
		<difficult>0</difficult>
		<bndbox>
			<xmin>265</xmin>
			<ymin>80</ymin>
			<xmax>346</xmax>
			<ymax>117</ymax>
		</bndbox>
	</object>
</annotation>