<annotation>
	<folder>CARS_TOPDOWN</folder>
	<filename>cartp_25.jpg</filename>
	<path>C:\Users\sammy\OneDrive\Documents\Maths Assignments\Dissertation\TOPDOWN_IMGS\CARS_TOPDOWN\cartp_25.jpg</path>
	<source>
		<database>Unknown</database>
	</source>
	<size>
		<width>866</width>
		<height>1390</height>
		<depth>3</depth>
	</size>
	<segmented>0</segmented>
	<object>
		<name>car</name>
		<pose>Unspecified</pose>
		<truncated>0</truncated>
		<difficult>0</difficult>
		<bndbox>
			<xmin>215</xmin>
			<ymin>47</ymin>
			<xmax>667</xmax>
			<ymax>1194</ymax>
		</bndbox>
	</object>
</annotation>