<annotation>
	<folder>HOUSES_TOPDOWN</folder>
	<filename>housetp_42.jpg</filename>
	<path>C:\Users\sammy\OneDrive\Documents\Maths Assignments\Dissertation\TOPDOWN_IMGS\HOUSES_TOPDOWN\housetp_42.jpg</path>
	<source>
		<database>Unknown</database>
	</source>
	<size>
		<width>940</width>
		<height>625</height>
		<depth>3</depth>
	</size>
	<segmented>0</segmented>
	<object>
		<name>house</name>
		<pose>Unspecified</pose>
		<truncated>1</truncated>
		<difficult>0</difficult>
		<bndbox>
			<xmin>169</xmin>
			<ymin>1</ymin>
			<xmax>785</xmax>
			<ymax>524</ymax>
		</bndbox>
	</object>
	<object>
		<name>vegetation</name>
		<pose>Unspecified</pose>
		<truncated>1</truncated>
		<difficult>0</difficult>
		<bndbox>
			<xmin>56</xmin>
			<ymin>346</ymin>
			<xmax>307</xmax>
			<ymax>625</ymax>
		</bndbox>
	</object>
	<object>
		<name>vegetation</name>
		<pose>Unspecified</pose>
		<truncated>1</truncated>
		<difficult>0</difficult>
		<bndbox>
			<xmin>412</xmin>
			<ymin>317</ymin>
			<xmax>937</xmax>
			<ymax>625</ymax>
		</bndbox>
	</object>
	<object>
		<name>vegetation</name>
		<pose>Unspecified</pose>
		<truncated>0</truncated>
		<difficult>0</difficult>
		<bndbox>
			<xmin>378</xmin>
			<ymin>320</ymin>
			<xmax>493</xmax>
			<ymax>442</ymax>
		</bndbox>
	</object>
</annotation>