<annotation>
	<folder>HOUSES_TOPDOWN</folder>
	<filename>housetp_41.jpg</filename>
	<path>C:\Users\sammy\OneDrive\Documents\Maths Assignments\Dissertation\TOPDOWN_IMGS\HOUSES_TOPDOWN\housetp_41.jpg</path>
	<source>
		<database>Unknown</database>
	</source>
	<size>
		<width>612</width>
		<height>408</height>
		<depth>3</depth>
	</size>
	<segmented>0</segmented>
	<object>
		<name>house</name>
		<pose>Unspecified</pose>
		<truncated>0</truncated>
		<difficult>0</difficult>
		<bndbox>
			<xmin>168</xmin>
			<ymin>113</ymin>
			<xmax>240</xmax>
			<ymax>178</ymax>
		</bndbox>
	</object>
	<object>
		<name>house</name>
		<pose>Unspecified</pose>
		<truncated>0</truncated>
		<difficult>0</difficult>
		<bndbox>
			<xmin>224</xmin>
			<ymin>72</ymin>
			<xmax>288</xmax>
			<ymax>133</ymax>
		</bndbox>
	</object>
	<object>
		<name>house</name>
		<pose>Unspecified</pose>
		<truncated>0</truncated>
		<difficult>0</difficult>
		<bndbox>
			<xmin>145</xmin>
			<ymin>234</ymin>
			<xmax>209</xmax>
			<ymax>299</ymax>
		</bndbox>
	</object>
	<object>
		<name>house</name>
		<pose>Unspecified</pose>
		<truncated>0</truncated>
		<difficult>0</difficult>
		<bndbox>
			<xmin>310</xmin>
			<ymin>224</ymin>
			<xmax>358</xmax>
			<ymax>273</ymax>
		</bndbox>
	</object>
	<object>
		<name>house</name>
		<pose>Unspecified</pose>
		<truncated>1</truncated>
		<difficult>0</difficult>
		<bndbox>
			<xmin>234</xmin>
			<ymin>351</ymin>
			<xmax>307</xmax>
			<ymax>408</ymax>
		</bndbox>
	</object>
	<object>
		<name>house</name>
		<pose>Unspecified</pose>
		<truncated>0</truncated>
		<difficult>0</difficult>
		<bndbox>
			<xmin>4</xmin>
			<ymin>201</ymin>
			<xmax>51</xmax>
			<ymax>248</ymax>
		</bndbox>
	</object>
	<object>
		<name>house</name>
		<pose>Unspecified</pose>
		<truncated>1</truncated>
		<difficult>0</difficult>
		<bndbox>
			<xmin>1</xmin>
			<ymin>265</ymin>
			<xmax>46</xmax>
			<ymax>335</ymax>
		</bndbox>
	</object>
	<object>
		<name>house</name>
		<pose>Unspecified</pose>
		<truncated>0</truncated>
		<difficult>0</difficult>
		<bndbox>
			<xmin>7</xmin>
			<ymin>125</ymin>
			<xmax>49</xmax>
			<ymax>174</ymax>
		</bndbox>
	</object>
	<object>
		<name>house</name>
		<pose>Unspecified</pose>
		<truncated>1</truncated>
		<difficult>0</difficult>
		<bndbox>
			<xmin>1</xmin>
			<ymin>54</ymin>
			<xmax>50</xmax>
			<ymax>112</ymax>
		</bndbox>
	</object>
	<object>
		<name>house</name>
		<pose>Unspecified</pose>
		<truncated>1</truncated>
		<difficult>0</difficult>
		<bndbox>
			<xmin>72</xmin>
			<ymin>1</ymin>
			<xmax>135</xmax>
			<ymax>36</ymax>
		</bndbox>
	</object>
	<object>
		<name>house</name>
		<pose>Unspecified</pose>
		<truncated>1</truncated>
		<difficult>0</difficult>
		<bndbox>
			<xmin>156</xmin>
			<ymin>1</ymin>
			<xmax>209</xmax>
			<ymax>50</ymax>
		</bndbox>
	</object>
	<object>
		<name>house</name>
		<pose>Unspecified</pose>
		<truncated>0</truncated>
		<difficult>0</difficult>
		<bndbox>
			<xmin>216</xmin>
			<ymin>5</ymin>
			<xmax>246</xmax>
			<ymax>38</ymax>
		</bndbox>
	</object>
	<object>
		<name>house</name>
		<pose>Unspecified</pose>
		<truncated>0</truncated>
		<difficult>0</difficult>
		<bndbox>
			<xmin>87</xmin>
			<ymin>215</ymin>
			<xmax>126</xmax>
			<ymax>251</ymax>
		</bndbox>
	</object>
	<object>
		<name>house</name>
		<pose>Unspecified</pose>
		<truncated>0</truncated>
		<difficult>0</difficult>
		<bndbox>
			<xmin>91</xmin>
			<ymin>74</ymin>
			<xmax>169</xmax>
			<ymax>145</ymax>
		</bndbox>
	</object>
	<object>
		<name>house</name>
		<pose>Unspecified</pose>
		<truncated>1</truncated>
		<difficult>0</difficult>
		<bndbox>
			<xmin>1</xmin>
			<ymin>1</ymin>
			<xmax>53</xmax>
			<ymax>40</ymax>
		</bndbox>
	</object>
	<object>
		<name>house</name>
		<pose>Unspecified</pose>
		<truncated>0</truncated>
		<difficult>0</difficult>
		<bndbox>
			<xmin>320</xmin>
			<ymin>76</ymin>
			<xmax>383</xmax>
			<ymax>139</ymax>
		</bndbox>
	</object>
	<object>
		<name>house</name>
		<pose>Unspecified</pose>
		<truncated>0</truncated>
		<difficult>0</difficult>
		<bndbox>
			<xmin>416</xmin>
			<ymin>133</ymin>
			<xmax>466</xmax>
			<ymax>183</ymax>
		</bndbox>
	</object>
	<object>
		<name>house</name>
		<pose>Unspecified</pose>
		<truncated>0</truncated>
		<difficult>0</difficult>
		<bndbox>
			<xmin>447</xmin>
			<ymin>172</ymin>
			<xmax>511</xmax>
			<ymax>270</ymax>
		</bndbox>
	</object>
	<object>
		<name>house</name>
		<pose>Unspecified</pose>
		<truncated>0</truncated>
		<difficult>0</difficult>
		<bndbox>
			<xmin>333</xmin>
			<ymin>353</ymin>
			<xmax>378</xmax>
			<ymax>401</ymax>
		</bndbox>
	</object>
	<object>
		<name>house</name>
		<pose>Unspecified</pose>
		<truncated>0</truncated>
		<difficult>0</difficult>
		<bndbox>
			<xmin>556</xmin>
			<ymin>342</ymin>
			<xmax>599</xmax>
			<ymax>405</ymax>
		</bndbox>
	</object>
	<object>
		<name>house</name>
		<pose>Unspecified</pose>
		<truncated>0</truncated>
		<difficult>0</difficult>
		<bndbox>
			<xmin>553</xmin>
			<ymin>108</ymin>
			<xmax>597</xmax>
			<ymax>141</ymax>
		</bndbox>
	</object>
	<object>
		<name>house</name>
		<pose>Unspecified</pose>
		<truncated>0</truncated>
		<difficult>0</difficult>
		<bndbox>
			<xmin>480</xmin>
			<ymin>109</ymin>
			<xmax>514</xmax>
			<ymax>151</ymax>
		</bndbox>
	</object>
	<object>
		<name>car</name>
		<pose>Unspecified</pose>
		<truncated>0</truncated>
		<difficult>0</difficult>
		<bndbox>
			<xmin>407</xmin>
			<ymin>101</ymin>
			<xmax>420</xmax>
			<ymax>116</ymax>
		</bndbox>
	</object>
	<object>
		<name>house</name>
		<pose>Unspecified</pose>
		<truncated>0</truncated>
		<difficult>0</difficult>
		<bndbox>
			<xmin>558</xmin>
			<ymin>251</ymin>
			<xmax>600</xmax>
			<ymax>285</ymax>
		</bndbox>
	</object>
	<object>
		<name>house</name>
		<pose>Unspecified</pose>
		<truncated>0</truncated>
		<difficult>0</difficult>
		<bndbox>
			<xmin>400</xmin>
			<ymin>255</ymin>
			<xmax>451</xmax>
			<ymax>300</ymax>
		</bndbox>
	</object>
	<object>
		<name>house</name>
		<pose>Unspecified</pose>
		<truncated>0</truncated>
		<difficult>0</difficult>
		<bndbox>
			<xmin>403</xmin>
			<ymin>356</ymin>
			<xmax>468</xmax>
			<ymax>397</ymax>
		</bndbox>
	</object>
	<object>
		<name>house</name>
		<pose>Unspecified</pose>
		<truncated>0</truncated>
		<difficult>0</difficult>
		<bndbox>
			<xmin>14</xmin>
			<ymin>352</ymin>
			<xmax>67</xmax>
			<ymax>406</ymax>
		</bndbox>
	</object>
	<object>
		<name>house</name>
		<pose>Unspecified</pose>
		<truncated>0</truncated>
		<difficult>0</difficult>
		<bndbox>
			<xmin>427</xmin>
			<ymin>7</ymin>
			<xmax>485</xmax>
			<ymax>44</ymax>
		</bndbox>
	</object>
	<object>
		<name>house</name>
		<pose>Unspecified</pose>
		<truncated>0</truncated>
		<difficult>0</difficult>
		<bndbox>
			<xmin>562</xmin>
			<ymin>3</ymin>
			<xmax>607</xmax>
			<ymax>43</ymax>
		</bndbox>
	</object>
</annotation>