<annotation>
	<folder>HOUSES_TOPDOWN</folder>
	<filename>housetp_60.jpg</filename>
	<path>C:\Users\sammy\OneDrive\Documents\Maths Assignments\Dissertation\TOPDOWN_IMGS\HOUSES_TOPDOWN\housetp_60.jpg</path>
	<source>
		<database>Unknown</database>
	</source>
	<size>
		<width>596</width>
		<height>446</height>
		<depth>3</depth>
	</size>
	<segmented>0</segmented>
	<object>
		<name>house</name>
		<pose>Unspecified</pose>
		<truncated>0</truncated>
		<difficult>0</difficult>
		<bndbox>
			<xmin>185</xmin>
			<ymin>305</ymin>
			<xmax>420</xmax>
			<ymax>441</ymax>
		</bndbox>
	</object>
	<object>
		<name>house</name>
		<pose>Unspecified</pose>
		<truncated>0</truncated>
		<difficult>0</difficult>
		<bndbox>
			<xmin>170</xmin>
			<ymin>146</ymin>
			<xmax>414</xmax>
			<ymax>288</ymax>
		</bndbox>
	</object>
	<object>
		<name>house</name>
		<pose>Unspecified</pose>
		<truncated>1</truncated>
		<difficult>0</difficult>
		<bndbox>
			<xmin>119</xmin>
			<ymin>1</ymin>
			<xmax>353</xmax>
			<ymax>129</ymax>
		</bndbox>
	</object>
	<object>
		<name>vegetation</name>
		<pose>Unspecified</pose>
		<truncated>0</truncated>
		<difficult>0</difficult>
		<bndbox>
			<xmin>72</xmin>
			<ymin>91</ymin>
			<xmax>117</xmax>
			<ymax>135</ymax>
		</bndbox>
	</object>
	<object>
		<name>vegetation</name>
		<pose>Unspecified</pose>
		<truncated>0</truncated>
		<difficult>0</difficult>
		<bndbox>
			<xmin>139</xmin>
			<ymin>92</ymin>
			<xmax>175</xmax>
			<ymax>144</ymax>
		</bndbox>
	</object>
	<object>
		<name>vegetation</name>
		<pose>Unspecified</pose>
		<truncated>0</truncated>
		<difficult>0</difficult>
		<bndbox>
			<xmin>130</xmin>
			<ymin>166</ymin>
			<xmax>157</xmax>
			<ymax>191</ymax>
		</bndbox>
	</object>
	<object>
		<name>vegetation</name>
		<pose>Unspecified</pose>
		<truncated>0</truncated>
		<difficult>0</difficult>
		<bndbox>
			<xmin>371</xmin>
			<ymin>15</ymin>
			<xmax>559</xmax>
			<ymax>162</ymax>
		</bndbox>
	</object>
	<object>
		<name>vegetation</name>
		<pose>Unspecified</pose>
		<truncated>0</truncated>
		<difficult>0</difficult>
		<bndbox>
			<xmin>461</xmin>
			<ymin>164</ymin>
			<xmax>592</xmax>
			<ymax>237</ymax>
		</bndbox>
	</object>
	<object>
		<name>vegetation</name>
		<pose>Unspecified</pose>
		<truncated>1</truncated>
		<difficult>0</difficult>
		<bndbox>
			<xmin>414</xmin>
			<ymin>287</ymin>
			<xmax>552</xmax>
			<ymax>446</ymax>
		</bndbox>
	</object>
	<object>
		<name>vegetation</name>
		<pose>Unspecified</pose>
		<truncated>0</truncated>
		<difficult>0</difficult>
		<bndbox>
			<xmin>122</xmin>
			<ymin>411</ymin>
			<xmax>155</xmax>
			<ymax>442</ymax>
		</bndbox>
	</object>
	<object>
		<name>vegetation</name>
		<pose>Unspecified</pose>
		<truncated>0</truncated>
		<difficult>0</difficult>
		<bndbox>
			<xmin>142</xmin>
			<ymin>380</ymin>
			<xmax>169</xmax>
			<ymax>409</ymax>
		</bndbox>
	</object>
	<object>
		<name>vegetation</name>
		<pose>Unspecified</pose>
		<truncated>0</truncated>
		<difficult>0</difficult>
		<bndbox>
			<xmin>549</xmin>
			<ymin>286</ymin>
			<xmax>589</xmax>
			<ymax>315</ymax>
		</bndbox>
	</object>
</annotation>