<annotation>
	<folder>HOUSES_TOPDOWN</folder>
	<filename>housetp_3.jpg</filename>
	<path>C:\Users\sammy\OneDrive\Documents\Maths Assignments\Dissertation\TOPDOWN_IMGS\HOUSES_TOPDOWN\housetp_3.jpg</path>
	<source>
		<database>Unknown</database>
	</source>
	<size>
		<width>1600</width>
		<height>1290</height>
		<depth>3</depth>
	</size>
	<segmented>0</segmented>
	<object>
		<name>house</name>
		<pose>Unspecified</pose>
		<truncated>0</truncated>
		<difficult>0</difficult>
		<bndbox>
			<xmin>443</xmin>
			<ymin>453</ymin>
			<xmax>565</xmax>
			<ymax>644</ymax>
		</bndbox>
	</object>
	<object>
		<name>house</name>
		<pose>Unspecified</pose>
		<truncated>0</truncated>
		<difficult>0</difficult>
		<bndbox>
			<xmin>549</xmin>
			<ymin>268</ymin>
			<xmax>1091</xmax>
			<ymax>781</ymax>
		</bndbox>
	</object>
	<object>
		<name>vegetation</name>
		<pose>Unspecified</pose>
		<truncated>0</truncated>
		<difficult>0</difficult>
		<bndbox>
			<xmin>914</xmin>
			<ymin>557</ymin>
			<xmax>1095</xmax>
			<ymax>802</ymax>
		</bndbox>
	</object>
	<object>
		<name>vegetation</name>
		<pose>Unspecified</pose>
		<truncated>0</truncated>
		<difficult>0</difficult>
		<bndbox>
			<xmin>1080</xmin>
			<ymin>691</ymin>
			<xmax>1281</xmax>
			<ymax>913</ymax>
		</bndbox>
	</object>
	<object>
		<name>vegetation</name>
		<pose>Unspecified</pose>
		<truncated>0</truncated>
		<difficult>0</difficult>
		<bndbox>
			<xmin>1313</xmin>
			<ymin>384</ymin>
			<xmax>1503</xmax>
			<ymax>592</ymax>
		</bndbox>
	</object>
	<object>
		<name>vegetation</name>
		<pose>Unspecified</pose>
		<truncated>0</truncated>
		<difficult>0</difficult>
		<bndbox>
			<xmin>328</xmin>
			<ymin>307</ymin>
			<xmax>506</xmax>
			<ymax>506</ymax>
		</bndbox>
	</object>
	<object>
		<name>vegetation</name>
		<pose>Unspecified</pose>
		<truncated>0</truncated>
		<difficult>0</difficult>
		<bndbox>
			<xmin>506</xmin>
			<ymin>169</ymin>
			<xmax>681</xmax>
			<ymax>369</ymax>
		</bndbox>
	</object>
	<object>
		<name>vegetation</name>
		<pose>Unspecified</pose>
		<truncated>0</truncated>
		<difficult>0</difficult>
		<bndbox>
			<xmin>703</xmin>
			<ymin>140</ymin>
			<xmax>876</xmax>
			<ymax>321</ymax>
		</bndbox>
	</object>
	<object>
		<name>vegetation</name>
		<pose>Unspecified</pose>
		<truncated>0</truncated>
		<difficult>0</difficult>
		<bndbox>
			<xmin>968</xmin>
			<ymin>265</ymin>
			<xmax>1118</xmax>
			<ymax>406</ymax>
		</bndbox>
	</object>
	<object>
		<name>vegetation</name>
		<pose>Unspecified</pose>
		<truncated>0</truncated>
		<difficult>0</difficult>
		<bndbox>
			<xmin>1132</xmin>
			<ymin>296</ymin>
			<xmax>1303</xmax>
			<ymax>511</ymax>
		</bndbox>
	</object>
	<object>
		<name>vegetation</name>
		<pose>Unspecified</pose>
		<truncated>0</truncated>
		<difficult>0</difficult>
		<bndbox>
			<xmin>1075</xmin>
			<ymin>496</ymin>
			<xmax>1216</xmax>
			<ymax>691</ymax>
		</bndbox>
	</object>
	<object>
		<name>vegetation</name>
		<pose>Unspecified</pose>
		<truncated>0</truncated>
		<difficult>0</difficult>
		<bndbox>
			<xmin>72</xmin>
			<ymin>698</ymin>
			<xmax>190</xmax>
			<ymax>796</ymax>
		</bndbox>
	</object>
	<object>
		<name>vegetation</name>
		<pose>Unspecified</pose>
		<truncated>0</truncated>
		<difficult>0</difficult>
		<bndbox>
			<xmin>346</xmin>
			<ymin>821</ymin>
			<xmax>458</xmax>
			<ymax>911</ymax>
		</bndbox>
	</object>
	<object>
		<name>vegetation</name>
		<pose>Unspecified</pose>
		<truncated>0</truncated>
		<difficult>0</difficult>
		<bndbox>
			<xmin>450</xmin>
			<ymin>851</ymin>
			<xmax>579</xmax>
			<ymax>962</ymax>
		</bndbox>
	</object>
	<object>
		<name>vegetation</name>
		<pose>Unspecified</pose>
		<truncated>0</truncated>
		<difficult>0</difficult>
		<bndbox>
			<xmin>572</xmin>
			<ymin>903</ymin>
			<xmax>644</xmax>
			<ymax>988</ymax>
		</bndbox>
	</object>
	<object>
		<name>vegetation</name>
		<pose>Unspecified</pose>
		<truncated>0</truncated>
		<difficult>0</difficult>
		<bndbox>
			<xmin>639</xmin>
			<ymin>931</ymin>
			<xmax>734</xmax>
			<ymax>1023</ymax>
		</bndbox>
	</object>
	<object>
		<name>vegetation</name>
		<pose>Unspecified</pose>
		<truncated>0</truncated>
		<difficult>0</difficult>
		<bndbox>
			<xmin>731</xmin>
			<ymin>969</ymin>
			<xmax>805</xmax>
			<ymax>1050</ymax>
		</bndbox>
	</object>
	<object>
		<name>vegetation</name>
		<pose>Unspecified</pose>
		<truncated>0</truncated>
		<difficult>0</difficult>
		<bndbox>
			<xmin>800</xmin>
			<ymin>999</ymin>
			<xmax>862</xmax>
			<ymax>1076</ymax>
		</bndbox>
	</object>
	<object>
		<name>vegetation</name>
		<pose>Unspecified</pose>
		<truncated>0</truncated>
		<difficult>0</difficult>
		<bndbox>
			<xmin>866</xmin>
			<ymin>1024</ymin>
			<xmax>991</xmax>
			<ymax>1128</ymax>
		</bndbox>
	</object>
</annotation>