<annotation>
	<folder>HOUSES_TOPDOWN</folder>
	<filename>housetp_70.jpg</filename>
	<path>C:\Users\sammy\OneDrive\Documents\Maths Assignments\Dissertation\TOPDOWN_IMGS\HOUSES_TOPDOWN\housetp_70.jpg</path>
	<source>
		<database>Unknown</database>
	</source>
	<size>
		<width>2400</width>
		<height>1260</height>
		<depth>3</depth>
	</size>
	<segmented>0</segmented>
	<object>
		<name>house</name>
		<pose>Unspecified</pose>
		<truncated>0</truncated>
		<difficult>0</difficult>
		<bndbox>
			<xmin>287</xmin>
			<ymin>239</ymin>
			<xmax>1038</xmax>
			<ymax>801</ymax>
		</bndbox>
	</object>
	<object>
		<name>vegetation</name>
		<pose>Unspecified</pose>
		<truncated>1</truncated>
		<difficult>0</difficult>
		<bndbox>
			<xmin>79</xmin>
			<ymin>1067</ymin>
			<xmax>531</xmax>
			<ymax>1260</ymax>
		</bndbox>
	</object>
	<object>
		<name>vegetation</name>
		<pose>Unspecified</pose>
		<truncated>1</truncated>
		<difficult>0</difficult>
		<bndbox>
			<xmin>2154</xmin>
			<ymin>606</ymin>
			<xmax>2400</xmax>
			<ymax>1260</ymax>
		</bndbox>
	</object>
	<object>
		<name>vegetation</name>
		<pose>Unspecified</pose>
		<truncated>1</truncated>
		<difficult>0</difficult>
		<bndbox>
			<xmin>2084</xmin>
			<ymin>1</ymin>
			<xmax>2400</xmax>
			<ymax>451</ymax>
		</bndbox>
	</object>
</annotation>