<annotation>
	<folder>HOUSES_TOPDOWN</folder>
	<filename>housetp_43.jpg</filename>
	<path>C:\Users\sammy\OneDrive\Documents\Maths Assignments\Dissertation\TOPDOWN_IMGS\HOUSES_TOPDOWN\housetp_43.jpg</path>
	<source>
		<database>Unknown</database>
	</source>
	<size>
		<width>915</width>
		<height>490</height>
		<depth>3</depth>
	</size>
	<segmented>0</segmented>
	<object>
		<name>house</name>
		<pose>Unspecified</pose>
		<truncated>0</truncated>
		<difficult>0</difficult>
		<bndbox>
			<xmin>288</xmin>
			<ymin>72</ymin>
			<xmax>839</xmax>
			<ymax>269</ymax>
		</bndbox>
	</object>
	<object>
		<name>vegetation</name>
		<pose>Unspecified</pose>
		<truncated>1</truncated>
		<difficult>0</difficult>
		<bndbox>
			<xmin>603</xmin>
			<ymin>278</ymin>
			<xmax>915</xmax>
			<ymax>490</ymax>
		</bndbox>
	</object>
	<object>
		<name>vegetation</name>
		<pose>Unspecified</pose>
		<truncated>1</truncated>
		<difficult>0</difficult>
		<bndbox>
			<xmin>292</xmin>
			<ymin>283</ymin>
			<xmax>499</xmax>
			<ymax>490</ymax>
		</bndbox>
	</object>
	<object>
		<name>vegetation</name>
		<pose>Unspecified</pose>
		<truncated>1</truncated>
		<difficult>0</difficult>
		<bndbox>
			<xmin>47</xmin>
			<ymin>418</ymin>
			<xmax>294</xmax>
			<ymax>490</ymax>
		</bndbox>
	</object>
	<object>
		<name>vegetation</name>
		<pose>Unspecified</pose>
		<truncated>0</truncated>
		<difficult>0</difficult>
		<bndbox>
			<xmin>186</xmin>
			<ymin>307</ymin>
			<xmax>295</xmax>
			<ymax>412</ymax>
		</bndbox>
	</object>
	<object>
		<name>vegetation</name>
		<pose>Unspecified</pose>
		<truncated>1</truncated>
		<difficult>0</difficult>
		<bndbox>
			<xmin>656</xmin>
			<ymin>4</ymin>
			<xmax>915</xmax>
			<ymax>119</ymax>
		</bndbox>
	</object>
</annotation>