<annotation>
	<folder>HOUSES_TOPDOWN</folder>
	<filename>housetp_27.jpg</filename>
	<path>C:\Users\sammy\OneDrive\Documents\Maths Assignments\Dissertation\TOPDOWN_IMGS\HOUSES_TOPDOWN\housetp_27.jpg</path>
	<source>
		<database>Unknown</database>
	</source>
	<size>
		<width>645</width>
		<height>430</height>
		<depth>3</depth>
	</size>
	<segmented>0</segmented>
	<object>
		<name>house</name>
		<pose>Unspecified</pose>
		<truncated>0</truncated>
		<difficult>0</difficult>
		<bndbox>
			<xmin>272</xmin>
			<ymin>101</ymin>
			<xmax>368</xmax>
			<ymax>264</ymax>
		</bndbox>
	</object>
	<object>
		<name>car</name>
		<pose>Unspecified</pose>
		<truncated>0</truncated>
		<difficult>0</difficult>
		<bndbox>
			<xmin>214</xmin>
			<ymin>170</ymin>
			<xmax>242</xmax>
			<ymax>225</ymax>
		</bndbox>
	</object>
	<object>
		<name>house</name>
		<pose>Unspecified</pose>
		<truncated>1</truncated>
		<difficult>0</difficult>
		<bndbox>
			<xmin>1</xmin>
			<ymin>87</ymin>
			<xmax>207</xmax>
			<ymax>272</ymax>
		</bndbox>
	</object>
	<object>
		<name>house</name>
		<pose>Unspecified</pose>
		<truncated>0</truncated>
		<difficult>0</difficult>
		<bndbox>
			<xmin>393</xmin>
			<ymin>104</ymin>
			<xmax>508</xmax>
			<ymax>265</ymax>
		</bndbox>
	</object>
</annotation>