<annotation>
	<folder>PEOPLE_TOPDOWN</folder>
	<filename>peopletp_35.jpg</filename>
	<path>C:\Users\sammy\OneDrive\Documents\Maths Assignments\Dissertation\TOPDOWN_IMGS\PEOPLE_TOPDOWN\peopletp_35.jpg</path>
	<source>
		<database>Unknown</database>
	</source>
	<size>
		<width>801</width>
		<height>1200</height>
		<depth>3</depth>
	</size>
	<segmented>0</segmented>
	<object>
		<name>person</name>
		<pose>Unspecified</pose>
		<truncated>0</truncated>
		<difficult>0</difficult>
		<bndbox>
			<xmin>90</xmin>
			<ymin>122</ymin>
			<xmax>652</xmax>
			<ymax>1149</ymax>
		</bndbox>
	</object>
</annotation>