<annotation>
	<folder>PEOPLE_TOPDOWN</folder>
	<filename>peopletp_45.jpg</filename>
	<path>C:\Users\sammy\OneDrive\Documents\Maths Assignments\Dissertation\TOPDOWN_IMGS\PEOPLE_TOPDOWN\peopletp_45.jpg</path>
	<source>
		<database>Unknown</database>
	</source>
	<size>
		<width>450</width>
		<height>225</height>
		<depth>3</depth>
	</size>
	<segmented>0</segmented>
	<object>
		<name>person</name>
		<pose>Unspecified</pose>
		<truncated>0</truncated>
		<difficult>0</difficult>
		<bndbox>
			<xmin>151</xmin>
			<ymin>11</ymin>
			<xmax>323</xmax>
			<ymax>214</ymax>
		</bndbox>
	</object>
</annotation>