<annotation>
	<folder>PEOPLE_TOPDOWN</folder>
	<filename>peopletp_16.jpg</filename>
	<path>C:\Users\sammy\OneDrive\Documents\Maths Assignments\Dissertation\TOPDOWN_IMGS\PEOPLE_TOPDOWN\peopletp_16.jpg</path>
	<source>
		<database>Unknown</database>
	</source>
	<size>
		<width>860</width>
		<height>949</height>
		<depth>3</depth>
	</size>
	<segmented>0</segmented>
	<object>
		<name>person</name>
		<pose>Unspecified</pose>
		<truncated>0</truncated>
		<difficult>0</difficult>
		<bndbox>
			<xmin>34</xmin>
			<ymin>46</ymin>
			<xmax>300</xmax>
			<ymax>824</ymax>
		</bndbox>
	</object>
	<object>
		<name>person</name>
		<pose>Unspecified</pose>
		<truncated>0</truncated>
		<difficult>0</difficult>
		<bndbox>
			<xmin>45</xmin>
			<ymin>134</ymin>
			<xmax>832</xmax>
			<ymax>886</ymax>
		</bndbox>
	</object>
</annotation>