<annotation>
	<folder>PEOPLE_TOPDOWN</folder>
	<filename>peopletp_30.jpg</filename>
	<path>C:\Users\sammy\OneDrive\Documents\Maths Assignments\Dissertation\TOPDOWN_IMGS\PEOPLE_TOPDOWN\peopletp_30.jpg</path>
	<source>
		<database>Unknown</database>
	</source>
	<size>
		<width>5850</width>
		<height>4450</height>
		<depth>3</depth>
	</size>
	<segmented>0</segmented>
	<object>
		<name>person</name>
		<pose>Unspecified</pose>
		<truncated>0</truncated>
		<difficult>0</difficult>
		<bndbox>
			<xmin>88</xmin>
			<ymin>3500</ymin>
			<xmax>431</xmax>
			<ymax>4377</ymax>
		</bndbox>
	</object>
	<object>
		<name>person</name>
		<pose>Unspecified</pose>
		<truncated>0</truncated>
		<difficult>0</difficult>
		<bndbox>
			<xmin>1212</xmin>
			<ymin>3067</ymin>
			<xmax>1398</xmax>
			<ymax>3557</ymax>
		</bndbox>
	</object>
	<object>
		<name>person</name>
		<pose>Unspecified</pose>
		<truncated>0</truncated>
		<difficult>0</difficult>
		<bndbox>
			<xmin>1498</xmin>
			<ymin>2581</ymin>
			<xmax>1988</xmax>
			<ymax>3315</ymax>
		</bndbox>
	</object>
	<object>
		<name>person</name>
		<pose>Unspecified</pose>
		<truncated>0</truncated>
		<difficult>0</difficult>
		<bndbox>
			<xmin>2741</xmin>
			<ymin>2467</ymin>
			<xmax>3227</xmax>
			<ymax>3272</ymax>
		</bndbox>
	</object>
	<object>
		<name>person</name>
		<pose>Unspecified</pose>
		<truncated>0</truncated>
		<difficult>0</difficult>
		<bndbox>
			<xmin>3688</xmin>
			<ymin>2553</ymin>
			<xmax>4027</xmax>
			<ymax>3272</ymax>
		</bndbox>
	</object>
	<object>
		<name>person</name>
		<pose>Unspecified</pose>
		<truncated>0</truncated>
		<difficult>0</difficult>
		<bndbox>
			<xmin>4388</xmin>
			<ymin>2924</ymin>
			<xmax>4788</xmax>
			<ymax>3729</ymax>
		</bndbox>
	</object>
	<object>
		<name>person</name>
		<pose>Unspecified</pose>
		<truncated>0</truncated>
		<difficult>0</difficult>
		<bndbox>
			<xmin>4222</xmin>
			<ymin>3486</ymin>
			<xmax>4679</xmax>
			<ymax>4243</ymax>
		</bndbox>
	</object>
	<object>
		<name>person</name>
		<pose>Unspecified</pose>
		<truncated>0</truncated>
		<difficult>0</difficult>
		<bndbox>
			<xmin>2103</xmin>
			<ymin>2996</ymin>
			<xmax>2446</xmax>
			<ymax>3762</ymax>
		</bndbox>
	</object>
	<object>
		<name>person</name>
		<pose>Unspecified</pose>
		<truncated>0</truncated>
		<difficult>0</difficult>
		<bndbox>
			<xmin>4884</xmin>
			<ymin>1557</ymin>
			<xmax>5174</xmax>
			<ymax>2238</ymax>
		</bndbox>
	</object>
	<object>
		<name>person</name>
		<pose>Unspecified</pose>
		<truncated>0</truncated>
		<difficult>0</difficult>
		<bndbox>
			<xmin>5127</xmin>
			<ymin>1948</ymin>
			<xmax>5474</xmax>
			<ymax>2724</ymax>
		</bndbox>
	</object>
	<object>
		<name>person</name>
		<pose>Unspecified</pose>
		<truncated>0</truncated>
		<difficult>0</difficult>
		<bndbox>
			<xmin>1355</xmin>
			<ymin>919</ymin>
			<xmax>1636</xmax>
			<ymax>1586</ymax>
		</bndbox>
	</object>
	<object>
		<name>person</name>
		<pose>Unspecified</pose>
		<truncated>0</truncated>
		<difficult>0</difficult>
		<bndbox>
			<xmin>1922</xmin>
			<ymin>1010</ymin>
			<xmax>2127</xmax>
			<ymax>1672</ymax>
		</bndbox>
	</object>
	<object>
		<name>person</name>
		<pose>Unspecified</pose>
		<truncated>0</truncated>
		<difficult>0</difficult>
		<bndbox>
			<xmin>2688</xmin>
			<ymin>1429</ymin>
			<xmax>2979</xmax>
			<ymax>2172</ymax>
		</bndbox>
	</object>
	<object>
		<name>person</name>
		<pose>Unspecified</pose>
		<truncated>0</truncated>
		<difficult>0</difficult>
		<bndbox>
			<xmin>2665</xmin>
			<ymin>19</ymin>
			<xmax>2950</xmax>
			<ymax>777</ymax>
		</bndbox>
	</object>
	<object>
		<name>person</name>
		<pose>Unspecified</pose>
		<truncated>0</truncated>
		<difficult>0</difficult>
		<bndbox>
			<xmin>3060</xmin>
			<ymin>1334</ymin>
			<xmax>3327</xmax>
			<ymax>2215</ymax>
		</bndbox>
	</object>
	<object>
		<name>person</name>
		<pose>Unspecified</pose>
		<truncated>0</truncated>
		<difficult>0</difficult>
		<bndbox>
			<xmin>3817</xmin>
			<ymin>453</ymin>
			<xmax>4012</xmax>
			<ymax>1177</ymax>
		</bndbox>
	</object>
	<object>
		<name>person</name>
		<pose>Unspecified</pose>
		<truncated>0</truncated>
		<difficult>0</difficult>
		<bndbox>
			<xmin>4636</xmin>
			<ymin>819</ymin>
			<xmax>4955</xmax>
			<ymax>1534</ymax>
		</bndbox>
	</object>
	<object>
		<name>person</name>
		<pose>Unspecified</pose>
		<truncated>0</truncated>
		<difficult>0</difficult>
		<bndbox>
			<xmin>3979</xmin>
			<ymin>624</ymin>
			<xmax>4217</xmax>
			<ymax>1343</ymax>
		</bndbox>
	</object>
	<object>
		<name>person</name>
		<pose>Unspecified</pose>
		<truncated>0</truncated>
		<difficult>0</difficult>
		<bndbox>
			<xmin>4917</xmin>
			<ymin>853</ymin>
			<xmax>5184</xmax>
			<ymax>1486</ymax>
		</bndbox>
	</object>
	<object>
		<name>person</name>
		<pose>Unspecified</pose>
		<truncated>0</truncated>
		<difficult>0</difficult>
		<bndbox>
			<xmin>5227</xmin>
			<ymin>462</ymin>
			<xmax>5507</xmax>
			<ymax>1210</ymax>
		</bndbox>
	</object>
	<object>
		<name>person</name>
		<pose>Unspecified</pose>
		<truncated>0</truncated>
		<difficult>0</difficult>
		<bndbox>
			<xmin>2922</xmin>
			<ymin>1686</ymin>
			<xmax>3127</xmax>
			<ymax>2367</ymax>
		</bndbox>
	</object>
</annotation>