<annotation>
	<folder>PEOPLE_TOPDOWN</folder>
	<filename>peopletp_8.jpg</filename>
	<path>C:\Users\sammy\OneDrive\Documents\Maths Assignments\Dissertation\TOPDOWN_IMGS\PEOPLE_TOPDOWN\peopletp_8.jpg</path>
	<source>
		<database>Unknown</database>
	</source>
	<size>
		<width>1518</width>
		<height>1690</height>
		<depth>3</depth>
	</size>
	<segmented>0</segmented>
	<object>
		<name>person</name>
		<pose>Unspecified</pose>
		<truncated>0</truncated>
		<difficult>0</difficult>
		<bndbox>
			<xmin>268</xmin>
			<ymin>78</ymin>
			<xmax>1025</xmax>
			<ymax>1159</ymax>
		</bndbox>
	</object>
</annotation>