<annotation>
	<folder>PEOPLE_TOPDOWN</folder>
	<filename>peopletp_40.jpg</filename>
	<path>C:\Users\sammy\OneDrive\Documents\Maths Assignments\Dissertation\TOPDOWN_IMGS\PEOPLE_TOPDOWN\peopletp_40.jpg</path>
	<source>
		<database>Unknown</database>
	</source>
	<size>
		<width>3300</width>
		<height>4000</height>
		<depth>3</depth>
	</size>
	<segmented>0</segmented>
	<object>
		<name>person</name>
		<pose>Unspecified</pose>
		<truncated>0</truncated>
		<difficult>0</difficult>
		<bndbox>
			<xmin>234</xmin>
			<ymin>104</ymin>
			<xmax>3147</xmax>
			<ymax>3948</ymax>
		</bndbox>
	</object>
</annotation>