<annotation>
	<folder>PEOPLE_TOPDOWN</folder>
	<filename>peopletp_21.jpg</filename>
	<path>C:\Users\sammy\OneDrive\Documents\Maths Assignments\Dissertation\TOPDOWN_IMGS\PEOPLE_TOPDOWN\peopletp_21.jpg</path>
	<source>
		<database>Unknown</database>
	</source>
	<size>
		<width>1024</width>
		<height>768</height>
		<depth>3</depth>
	</size>
	<segmented>0</segmented>
	<object>
		<name>person</name>
		<pose>Unspecified</pose>
		<truncated>0</truncated>
		<difficult>0</difficult>
		<bndbox>
			<xmin>238</xmin>
			<ymin>78</ymin>
			<xmax>515</xmax>
			<ymax>660</ymax>
		</bndbox>
	</object>
	<object>
		<name>person</name>
		<pose>Unspecified</pose>
		<truncated>0</truncated>
		<difficult>0</difficult>
		<bndbox>
			<xmin>611</xmin>
			<ymin>71</ymin>
			<xmax>889</xmax>
			<ymax>656</ymax>
		</bndbox>
	</object>
</annotation>