<annotation>
	<folder>PEOPLE_TOPDOWN</folder>
	<filename>peopletp_22.jpg</filename>
	<path>C:\Users\sammy\OneDrive\Documents\Maths Assignments\Dissertation\TOPDOWN_IMGS\PEOPLE_TOPDOWN\peopletp_22.jpg</path>
	<source>
		<database>Unknown</database>
	</source>
	<size>
		<width>501</width>
		<height>612</height>
		<depth>3</depth>
	</size>
	<segmented>0</segmented>
	<object>
		<name>person</name>
		<pose>Unspecified</pose>
		<truncated>0</truncated>
		<difficult>0</difficult>
		<bndbox>
			<xmin>41</xmin>
			<ymin>47</ymin>
			<xmax>453</xmax>
			<ymax>577</ymax>
		</bndbox>
	</object>
</annotation>