<annotation>
	<folder>PEOPLE_TOPDOWN</folder>
	<filename>peopletp_5.jpg</filename>
	<path>C:\Users\sammy\OneDrive\Documents\Maths Assignments\Dissertation\TOPDOWN_IMGS\PEOPLE_TOPDOWN\peopletp_5.jpg</path>
	<source>
		<database>Unknown</database>
	</source>
	<size>
		<width>1044</width>
		<height>1690</height>
		<depth>3</depth>
	</size>
	<segmented>0</segmented>
	<object>
		<name>person</name>
		<pose>Unspecified</pose>
		<truncated>0</truncated>
		<difficult>0</difficult>
		<bndbox>
			<xmin>24</xmin>
			<ymin>228</ymin>
			<xmax>979</xmax>
			<ymax>1475</ymax>
		</bndbox>
	</object>
</annotation>