<annotation>
	<folder>ROCK_TOPDOWN</folder>
	<filename>rocktp_59.jpg</filename>
	<path>C:\Users\sammy\OneDrive\Documents\Maths Assignments\Dissertation\TOPDOWN_IMGS\ROCK_TOPDOWN\rocktp_59.jpg</path>
	<source>
		<database>Unknown</database>
	</source>
	<size>
		<width>1024</width>
		<height>683</height>
		<depth>3</depth>
	</size>
	<segmented>0</segmented>
	<object>
		<name>rock</name>
		<pose>Unspecified</pose>
		<truncated>0</truncated>
		<difficult>0</difficult>
		<bndbox>
			<xmin>327</xmin>
			<ymin>468</ymin>
			<xmax>574</xmax>
			<ymax>605</ymax>
		</bndbox>
	</object>
	<object>
		<name>rock</name>
		<pose>Unspecified</pose>
		<truncated>0</truncated>
		<difficult>0</difficult>
		<bndbox>
			<xmin>103</xmin>
			<ymin>381</ymin>
			<xmax>249</xmax>
			<ymax>493</ymax>
		</bndbox>
	</object>
	<object>
		<name>rock</name>
		<pose>Unspecified</pose>
		<truncated>0</truncated>
		<difficult>0</difficult>
		<bndbox>
			<xmin>143</xmin>
			<ymin>484</ymin>
			<xmax>324</xmax>
			<ymax>571</ymax>
		</bndbox>
	</object>
	<object>
		<name>rock</name>
		<pose>Unspecified</pose>
		<truncated>0</truncated>
		<difficult>0</difficult>
		<bndbox>
			<xmin>570</xmin>
			<ymin>465</ymin>
			<xmax>716</xmax>
			<ymax>573</ymax>
		</bndbox>
	</object>
	<object>
		<name>rock</name>
		<pose>Unspecified</pose>
		<truncated>0</truncated>
		<difficult>0</difficult>
		<bndbox>
			<xmin>200</xmin>
			<ymin>349</ymin>
			<xmax>299</xmax>
			<ymax>406</ymax>
		</bndbox>
	</object>
	<object>
		<name>rock</name>
		<pose>Unspecified</pose>
		<truncated>0</truncated>
		<difficult>0</difficult>
		<bndbox>
			<xmin>387</xmin>
			<ymin>359</ymin>
			<xmax>477</xmax>
			<ymax>422</ymax>
		</bndbox>
	</object>
	<object>
		<name>rock</name>
		<pose>Unspecified</pose>
		<truncated>0</truncated>
		<difficult>0</difficult>
		<bndbox>
			<xmin>471</xmin>
			<ymin>380</ymin>
			<xmax>579</xmax>
			<ymax>445</ymax>
		</bndbox>
	</object>
	<object>
		<name>rock</name>
		<pose>Unspecified</pose>
		<truncated>0</truncated>
		<difficult>0</difficult>
		<bndbox>
			<xmin>428</xmin>
			<ymin>328</ymin>
			<xmax>612</xmax>
			<ymax>381</ymax>
		</bndbox>
	</object>
	<object>
		<name>rock</name>
		<pose>Unspecified</pose>
		<truncated>0</truncated>
		<difficult>0</difficult>
		<bndbox>
			<xmin>677</xmin>
			<ymin>402</ymin>
			<xmax>814</xmax>
			<ymax>485</ymax>
		</bndbox>
	</object>
	<object>
		<name>rock</name>
		<pose>Unspecified</pose>
		<truncated>0</truncated>
		<difficult>0</difficult>
		<bndbox>
			<xmin>611</xmin>
			<ymin>346</ymin>
			<xmax>750</xmax>
			<ymax>407</ymax>
		</bndbox>
	</object>
	<object>
		<name>water</name>
		<pose>Unspecified</pose>
		<truncated>0</truncated>
		<difficult>0</difficult>
		<bndbox>
			<xmin>283</xmin>
			<ymin>241</ymin>
			<xmax>561</xmax>
			<ymax>299</ymax>
		</bndbox>
	</object>
	<object>
		<name>vegetation</name>
		<pose>Unspecified</pose>
		<truncated>1</truncated>
		<difficult>0</difficult>
		<bndbox>
			<xmin>762</xmin>
			<ymin>231</ymin>
			<xmax>1024</xmax>
			<ymax>323</ymax>
		</bndbox>
	</object>
	<object>
		<name>vegetation</name>
		<pose>Unspecified</pose>
		<truncated>0</truncated>
		<difficult>0</difficult>
		<bndbox>
			<xmin>292</xmin>
			<ymin>262</ymin>
			<xmax>366</xmax>
			<ymax>346</ymax>
		</bndbox>
	</object>
	<object>
		<name>vegetation</name>
		<pose>Unspecified</pose>
		<truncated>0</truncated>
		<difficult>0</difficult>
		<bndbox>
			<xmin>429</xmin>
			<ymin>284</ymin>
			<xmax>558</xmax>
			<ymax>328</ymax>
		</bndbox>
	</object>
</annotation>