<annotation>
	<folder>SHEEPS_TOPDOWN</folder>
	<filename>sheep65.jpg</filename>
	<path>C:\Users\sammy\OneDrive\Documents\Maths Assignments\Dissertation\TOPDOWN_IMGS\SHEEPS_TOPDOWN\sheep65.jpg</path>
	<source>
		<database>Unknown</database>
	</source>
	<size>
		<width>2500</width>
		<height>1875</height>
		<depth>3</depth>
	</size>
	<segmented>0</segmented>
	<object>
		<name>sheep</name>
		<pose>Unspecified</pose>
		<truncated>0</truncated>
		<difficult>0</difficult>
		<bndbox>
			<xmin>1063</xmin>
			<ymin>715</ymin>
			<xmax>1489</xmax>
			<ymax>1395</ymax>
		</bndbox>
	</object>
	<object>
		<name>sheep</name>
		<pose>Unspecified</pose>
		<truncated>0</truncated>
		<difficult>0</difficult>
		<bndbox>
			<xmin>1471</xmin>
			<ymin>639</ymin>
			<xmax>1959</xmax>
			<ymax>1479</ymax>
		</bndbox>
	</object>
	<object>
		<name>vegetation</name>
		<pose>Unspecified</pose>
		<truncated>0</truncated>
		<difficult>0</difficult>
		<bndbox>
			<xmin>9</xmin>
			<ymin>335</ymin>
			<xmax>1133</xmax>
			<ymax>623</ymax>
		</bndbox>
	</object>
	<object>
		<name>vegetation</name>
		<pose>Unspecified</pose>
		<truncated>1</truncated>
		<difficult>0</difficult>
		<bndbox>
			<xmin>1145</xmin>
			<ymin>219</ymin>
			<xmax>2500</xmax>
			<ymax>567</ymax>
		</bndbox>
	</object>
</annotation>