<annotation>
	<folder>SHEEPS_TOPDOWN</folder>
	<filename>sheep17.jpg</filename>
	<path>C:\Users\sammy\OneDrive\Documents\Maths Assignments\Dissertation\TOPDOWN_IMGS\SHEEPS_TOPDOWN\sheep17.jpg</path>
	<source>
		<database>Unknown</database>
	</source>
	<size>
		<width>70</width>
		<height>82</height>
		<depth>3</depth>
	</size>
	<segmented>0</segmented>
	<object>
		<name>sheep</name>
		<pose>Unspecified</pose>
		<truncated>0</truncated>
		<difficult>0</difficult>
		<bndbox>
			<xmin>12</xmin>
			<ymin>17</ymin>
			<xmax>62</xmax>
			<ymax>68</ymax>
		</bndbox>
	</object>
</annotation>