<annotation>
	<folder>SHEEPS_TOPDOWN</folder>
	<filename>sheep9.jpg</filename>
	<path>C:\Users\sammy\OneDrive\Documents\Maths Assignments\Dissertation\TOPDOWN_IMGS\SHEEPS_TOPDOWN\sheep9.jpg</path>
	<source>
		<database>Unknown</database>
	</source>
	<size>
		<width>1361</width>
		<height>1005</height>
		<depth>3</depth>
	</size>
	<segmented>0</segmented>
	<object>
		<name>sheep</name>
		<pose>Unspecified</pose>
		<truncated>0</truncated>
		<difficult>0</difficult>
		<bndbox>
			<xmin>182</xmin>
			<ymin>100</ymin>
			<xmax>1122</xmax>
			<ymax>900</ymax>
		</bndbox>
	</object>
	<object>
		<name>rock</name>
		<pose>Unspecified</pose>
		<truncated>1</truncated>
		<difficult>0</difficult>
		<bndbox>
			<xmin>1118</xmin>
			<ymin>250</ymin>
			<xmax>1361</xmax>
			<ymax>1005</ymax>
		</bndbox>
	</object>
	<object>
		<name>rock</name>
		<pose>Unspecified</pose>
		<truncated>1</truncated>
		<difficult>0</difficult>
		<bndbox>
			<xmin>581</xmin>
			<ymin>675</ymin>
			<xmax>1116</xmax>
			<ymax>1005</ymax>
		</bndbox>
	</object>
</annotation>