<annotation>
	<folder>SHEEPS_TOPDOWN</folder>
	<filename>sheep20.jpg</filename>
	<path>C:\Users\sammy\OneDrive\Documents\Maths Assignments\Dissertation\TOPDOWN_IMGS\SHEEPS_TOPDOWN\sheep20.jpg</path>
	<source>
		<database>Unknown</database>
	</source>
	<size>
		<width>76</width>
		<height>54</height>
		<depth>3</depth>
	</size>
	<segmented>0</segmented>
	<object>
		<name>sheep</name>
		<pose>Unspecified</pose>
		<truncated>1</truncated>
		<difficult>0</difficult>
		<bndbox>
			<xmin>1</xmin>
			<ymin>1</ymin>
			<xmax>76</xmax>
			<ymax>54</ymax>
		</bndbox>
	</object>
</annotation>