<annotation>
	<folder>SHEEPS_TOPDOWN</folder>
	<filename>sheep15.jpg</filename>
	<path>C:\Users\sammy\OneDrive\Documents\Maths Assignments\Dissertation\TOPDOWN_IMGS\SHEEPS_TOPDOWN\sheep15.jpg</path>
	<source>
		<database>Unknown</database>
	</source>
	<size>
		<width>110</width>
		<height>132</height>
		<depth>3</depth>
	</size>
	<segmented>0</segmented>
	<object>
		<name>sheep</name>
		<pose>Unspecified</pose>
		<truncated>0</truncated>
		<difficult>0</difficult>
		<bndbox>
			<xmin>10</xmin>
			<ymin>37</ymin>
			<xmax>55</xmax>
			<ymax>86</ymax>
		</bndbox>
	</object>
	<object>
		<name>sheep</name>
		<pose>Unspecified</pose>
		<truncated>0</truncated>
		<difficult>0</difficult>
		<bndbox>
			<xmin>52</xmin>
			<ymin>36</ymin>
			<xmax>98</xmax>
			<ymax>87</ymax>
		</bndbox>
	</object>
</annotation>