<annotation>
	<folder>SHEEPS_TOPDOWN</folder>
	<filename>sheep18.jpg</filename>
	<path>C:\Users\sammy\OneDrive\Documents\Maths Assignments\Dissertation\TOPDOWN_IMGS\SHEEPS_TOPDOWN\sheep18.jpg</path>
	<source>
		<database>Unknown</database>
	</source>
	<size>
		<width>105</width>
		<height>104</height>
		<depth>3</depth>
	</size>
	<segmented>0</segmented>
	<object>
		<name>sheep</name>
		<pose>Unspecified</pose>
		<truncated>0</truncated>
		<difficult>0</difficult>
		<bndbox>
			<xmin>14</xmin>
			<ymin>14</ymin>
			<xmax>44</xmax>
			<ymax>41</ymax>
		</bndbox>
	</object>
	<object>
		<name>sheep</name>
		<pose>Unspecified</pose>
		<truncated>0</truncated>
		<difficult>0</difficult>
		<bndbox>
			<xmin>53</xmin>
			<ymin>32</ymin>
			<xmax>76</xmax>
			<ymax>65</ymax>
		</bndbox>
	</object>
	<object>
		<name>sheep</name>
		<pose>Unspecified</pose>
		<truncated>0</truncated>
		<difficult>0</difficult>
		<bndbox>
			<xmin>70</xmin>
			<ymin>30</ymin>
			<xmax>101</xmax>
			<ymax>58</ymax>
		</bndbox>
	</object>
</annotation>