<annotation>
	<folder>SHEEPS_TOPDOWN</folder>
	<filename>sheep16.jpg</filename>
	<path>C:\Users\sammy\OneDrive\Documents\Maths Assignments\Dissertation\TOPDOWN_IMGS\SHEEPS_TOPDOWN\sheep16.jpg</path>
	<source>
		<database>Unknown</database>
	</source>
	<size>
		<width>124</width>
		<height>106</height>
		<depth>3</depth>
	</size>
	<segmented>0</segmented>
	<object>
		<name>sheep</name>
		<pose>Unspecified</pose>
		<truncated>0</truncated>
		<difficult>0</difficult>
		<bndbox>
			<xmin>22</xmin>
			<ymin>17</ymin>
			<xmax>111</xmax>
			<ymax>80</ymax>
		</bndbox>
	</object>
</annotation>