<annotation>
	<folder>SHEEPS_TOPDOWN</folder>
	<filename>sheep14.jpg</filename>
	<path>C:\Users\sammy\OneDrive\Documents\Maths Assignments\Dissertation\TOPDOWN_IMGS\SHEEPS_TOPDOWN\sheep14.jpg</path>
	<source>
		<database>Unknown</database>
	</source>
	<size>
		<width>95</width>
		<height>77</height>
		<depth>3</depth>
	</size>
	<segmented>0</segmented>
	<object>
		<name>sheep</name>
		<pose>Unspecified</pose>
		<truncated>0</truncated>
		<difficult>0</difficult>
		<bndbox>
			<xmin>9</xmin>
			<ymin>8</ymin>
			<xmax>79</xmax>
			<ymax>65</ymax>
		</bndbox>
	</object>
</annotation>