<annotation>
	<folder>SHEEPS_TOPDOWN</folder>
	<filename>sheep95.jpg</filename>
	<path>C:\Users\sammy\OneDrive\Documents\Maths Assignments\Dissertation\TOPDOWN_IMGS\SHEEPS_TOPDOWN\sheep95.jpg</path>
	<source>
		<database>Unknown</database>
	</source>
	<size>
		<width>48</width>
		<height>69</height>
		<depth>3</depth>
	</size>
	<segmented>0</segmented>
	<object>
		<name>sheep</name>
		<pose>Unspecified</pose>
		<truncated>1</truncated>
		<difficult>0</difficult>
		<bndbox>
			<xmin>1</xmin>
			<ymin>5</ymin>
			<xmax>48</xmax>
			<ymax>60</ymax>
		</bndbox>
	</object>
</annotation>