<annotation>
	<folder>SHEEPS_TOPDOWN</folder>
	<filename>sheep48.jpg</filename>
	<path>C:\Users\sammy\OneDrive\Documents\Maths Assignments\Dissertation\TOPDOWN_IMGS\SHEEPS_TOPDOWN\sheep48.jpg</path>
	<source>
		<database>Unknown</database>
	</source>
	<size>
		<width>148</width>
		<height>98</height>
		<depth>3</depth>
	</size>
	<segmented>0</segmented>
	<object>
		<name>sheep</name>
		<pose>Unspecified</pose>
		<truncated>0</truncated>
		<difficult>0</difficult>
		<bndbox>
			<xmin>13</xmin>
			<ymin>4</ymin>
			<xmax>117</xmax>
			<ymax>80</ymax>
		</bndbox>
	</object>
</annotation>