<annotation>
	<folder>SHEEPS_TOPDOWN</folder>
	<filename>sheep96.jpg</filename>
	<path>C:\Users\sammy\OneDrive\Documents\Maths Assignments\Dissertation\TOPDOWN_IMGS\SHEEPS_TOPDOWN\sheep96.jpg</path>
	<source>
		<database>Unknown</database>
	</source>
	<size>
		<width>841</width>
		<height>569</height>
		<depth>3</depth>
	</size>
	<segmented>0</segmented>
	<object>
		<name>sheep</name>
		<pose>Unspecified</pose>
		<truncated>0</truncated>
		<difficult>0</difficult>
		<bndbox>
			<xmin>44</xmin>
			<ymin>349</ymin>
			<xmax>124</xmax>
			<ymax>414</ymax>
		</bndbox>
	</object>
</annotation>