<annotation>
	<folder>SHEEPS_TOPDOWN</folder>
	<filename>sheep49.jpg</filename>
	<path>C:\Users\sammy\OneDrive\Documents\Maths Assignments\Dissertation\TOPDOWN_IMGS\SHEEPS_TOPDOWN\sheep49.jpg</path>
	<source>
		<database>Unknown</database>
	</source>
	<size>
		<width>203</width>
		<height>123</height>
		<depth>3</depth>
	</size>
	<segmented>0</segmented>
	<object>
		<name>sheep</name>
		<pose>Unspecified</pose>
		<truncated>0</truncated>
		<difficult>0</difficult>
		<bndbox>
			<xmin>58</xmin>
			<ymin>86</ymin>
			<xmax>96</xmax>
			<ymax>107</ymax>
		</bndbox>
	</object>
	<object>
		<name>sheep</name>
		<pose>Unspecified</pose>
		<truncated>1</truncated>
		<difficult>0</difficult>
		<bndbox>
			<xmin>1</xmin>
			<ymin>53</ymin>
			<xmax>23</xmax>
			<ymax>71</ymax>
		</bndbox>
	</object>
	<object>
		<name>sheep</name>
		<pose>Unspecified</pose>
		<truncated>0</truncated>
		<difficult>0</difficult>
		<bndbox>
			<xmin>20</xmin>
			<ymin>54</ymin>
			<xmax>41</xmax>
			<ymax>71</ymax>
		</bndbox>
	</object>
	<object>
		<name>sheep</name>
		<pose>Unspecified</pose>
		<truncated>0</truncated>
		<difficult>0</difficult>
		<bndbox>
			<xmin>183</xmin>
			<ymin>76</ymin>
			<xmax>201</xmax>
			<ymax>100</ymax>
		</bndbox>
	</object>
</annotation>