<annotation>
	<folder>SHEEPS_TOPDOWN</folder>
	<filename>sheep45.jpg</filename>
	<path>C:\Users\sammy\OneDrive\Documents\Maths Assignments\Dissertation\TOPDOWN_IMGS\SHEEPS_TOPDOWN\sheep45.jpg</path>
	<source>
		<database>Unknown</database>
	</source>
	<size>
		<width>285</width>
		<height>246</height>
		<depth>3</depth>
	</size>
	<segmented>0</segmented>
	<object>
		<name>sheep</name>
		<pose>Unspecified</pose>
		<truncated>1</truncated>
		<difficult>0</difficult>
		<bndbox>
			<xmin>23</xmin>
			<ymin>5</ymin>
			<xmax>283</xmax>
			<ymax>246</ymax>
		</bndbox>
	</object>
</annotation>