<annotation>
	<folder>SHEEPS_TOPDOWN</folder>
	<filename>sheep82.jpg</filename>
	<path>C:\Users\sammy\OneDrive\Documents\Maths Assignments\Dissertation\TOPDOWN_IMGS\SHEEPS_TOPDOWN\sheep82.jpg</path>
	<source>
		<database>Unknown</database>
	</source>
	<size>
		<width>334</width>
		<height>239</height>
		<depth>3</depth>
	</size>
	<segmented>0</segmented>
	<object>
		<name>sheep</name>
		<pose>Unspecified</pose>
		<truncated>1</truncated>
		<difficult>0</difficult>
		<bndbox>
			<xmin>1</xmin>
			<ymin>2</ymin>
			<xmax>334</xmax>
			<ymax>239</ymax>
		</bndbox>
	</object>
</annotation>