<annotation>
	<folder>TREES_TOPDOWN</folder>
	<filename>treetp_58.jpg</filename>
	<path>C:\Users\sammy\OneDrive\Documents\Maths Assignments\Dissertation\TOPDOWN_IMGS\TREES_TOPDOWN\treetp_58.jpg</path>
	<source>
		<database>Unknown</database>
	</source>
	<size>
		<width>915</width>
		<height>1024</height>
		<depth>3</depth>
	</size>
	<segmented>0</segmented>
	<object>
		<name>vegetation</name>
		<pose>Unspecified</pose>
		<truncated>0</truncated>
		<difficult>0</difficult>
		<bndbox>
			<xmin>336</xmin>
			<ymin>266</ymin>
			<xmax>565</xmax>
			<ymax>457</ymax>
		</bndbox>
	</object>
</annotation>