<annotation>
	<folder>WATER_TOPDOWN</folder>
	<filename>watertp_39.jpg</filename>
	<path>C:\Users\sammy\OneDrive\Documents\Maths Assignments\Dissertation\TOPDOWN_IMGS\WATER_TOPDOWN\watertp_39.jpg</path>
	<source>
		<database>Unknown</database>
	</source>
	<size>
		<width>780</width>
		<height>520</height>
		<depth>3</depth>
	</size>
	<segmented>0</segmented>
	<object>
		<name>water</name>
		<pose>Unspecified</pose>
		<truncated>0</truncated>
		<difficult>0</difficult>
		<bndbox>
			<xmin>231</xmin>
			<ymin>57</ymin>
			<xmax>425</xmax>
			<ymax>136</ymax>
		</bndbox>
	</object>
	<object>
		<name>water</name>
		<pose>Unspecified</pose>
		<truncated>1</truncated>
		<difficult>0</difficult>
		<bndbox>
			<xmin>1</xmin>
			<ymin>119</ymin>
			<xmax>744</xmax>
			<ymax>463</ymax>
		</bndbox>
	</object>
</annotation>