<annotation>
	<folder>WATER_TOPDOWN</folder>
	<filename>watertp_1.jpg</filename>
	<path>C:\Users\sammy\OneDrive\Documents\Maths Assignments\Dissertation\TOPDOWN_IMGS\WATER_TOPDOWN\watertp_1.jpg</path>
	<source>
		<database>Unknown</database>
	</source>
	<size>
		<width>3102</width>
		<height>2458</height>
		<depth>3</depth>
	</size>
	<segmented>0</segmented>
	<object>
		<name>water</name>
		<pose>Unspecified</pose>
		<truncated>0</truncated>
		<difficult>0</difficult>
		<bndbox>
			<xmin>475</xmin>
			<ymin>336</ymin>
			<xmax>2733</xmax>
			<ymax>2165</ymax>
		</bndbox>
	</object>
	<object>
		<name>vegetation</name>
		<pose>Unspecified</pose>
		<truncated>1</truncated>
		<difficult>0</difficult>
		<bndbox>
			<xmin>1346</xmin>
			<ymin>2102</ymin>
			<xmax>2265</xmax>
			<ymax>2458</ymax>
		</bndbox>
	</object>
</annotation>