<annotation>
	<folder>WATER_TOPDOWN</folder>
	<filename>watertp_54.jpg</filename>
	<path>C:\Users\sammy\OneDrive\Documents\Maths Assignments\Dissertation\TOPDOWN_IMGS\WATER_TOPDOWN\watertp_54.jpg</path>
	<source>
		<database>Unknown</database>
	</source>
	<size>
		<width>264</width>
		<height>264</height>
		<depth>3</depth>
	</size>
	<segmented>0</segmented>
	<object>
		<name>water</name>
		<pose>Unspecified</pose>
		<truncated>0</truncated>
		<difficult>0</difficult>
		<bndbox>
			<xmin>24</xmin>
			<ymin>147</ymin>
			<xmax>245</xmax>
			<ymax>222</ymax>
		</bndbox>
	</object>
	<object>
		<name>rock</name>
		<pose>Unspecified</pose>
		<truncated>1</truncated>
		<difficult>0</difficult>
		<bndbox>
			<xmin>79</xmin>
			<ymin>228</ymin>
			<xmax>264</xmax>
			<ymax>264</ymax>
		</bndbox>
	</object>
</annotation>