<annotation>
	<folder>WATER_TOPDOWN</folder>
	<filename>watertp_11.jpg</filename>
	<path>C:\Users\sammy\OneDrive\Documents\Maths Assignments\Dissertation\TOPDOWN_IMGS\WATER_TOPDOWN\watertp_11.jpg</path>
	<source>
		<database>Unknown</database>
	</source>
	<size>
		<width>850</width>
		<height>850</height>
		<depth>3</depth>
	</size>
	<segmented>0</segmented>
	<object>
		<name>water</name>
		<pose>Unspecified</pose>
		<truncated>1</truncated>
		<difficult>0</difficult>
		<bndbox>
			<xmin>1</xmin>
			<ymin>95</ymin>
			<xmax>809</xmax>
			<ymax>624</ymax>
		</bndbox>
	</object>
	<object>
		<name>vegetation</name>
		<pose>Unspecified</pose>
		<truncated>1</truncated>
		<difficult>0</difficult>
		<bndbox>
			<xmin>2</xmin>
			<ymin>665</ymin>
			<xmax>850</xmax>
			<ymax>850</ymax>
		</bndbox>
	</object>
</annotation>