<annotation>
	<folder>WATER_TOPDOWN</folder>
	<filename>watertp_66.jpg</filename>
	<path>C:\Users\sammy\OneDrive\Documents\Maths Assignments\Dissertation\TOPDOWN_IMGS\WATER_TOPDOWN\watertp_66.jpg</path>
	<source>
		<database>Unknown</database>
	</source>
	<size>
		<width>1600</width>
		<height>1154</height>
		<depth>3</depth>
	</size>
	<segmented>0</segmented>
	<object>
		<name>water</name>
		<pose>Unspecified</pose>
		<truncated>0</truncated>
		<difficult>0</difficult>
		<bndbox>
			<xmin>175</xmin>
			<ymin>365</ymin>
			<xmax>1216</xmax>
			<ymax>733</ymax>
		</bndbox>
	</object>
	<object>
		<name>sheep</name>
		<pose>Unspecified</pose>
		<truncated>0</truncated>
		<difficult>0</difficult>
		<bndbox>
			<xmin>1024</xmin>
			<ymin>666</ymin>
			<xmax>1321</xmax>
			<ymax>869</ymax>
		</bndbox>
	</object>
	<object>
		<name>rock</name>
		<pose>Unspecified</pose>
		<truncated>1</truncated>
		<difficult>0</difficult>
		<bndbox>
			<xmin>1290</xmin>
			<ymin>493</ymin>
			<xmax>1600</xmax>
			<ymax>689</ymax>
		</bndbox>
	</object>
</annotation>