<annotation>
	<folder>WATER_TOPDOWN</folder>
	<filename>watertp_29.jpg</filename>
	<path>C:\Users\sammy\OneDrive\Documents\Maths Assignments\Dissertation\TOPDOWN_IMGS\WATER_TOPDOWN\watertp_29.jpg</path>
	<source>
		<database>Unknown</database>
	</source>
	<size>
		<width>2957</width>
		<height>3695</height>
		<depth>3</depth>
	</size>
	<segmented>0</segmented>
	<object>
		<name>water</name>
		<pose>Unspecified</pose>
		<truncated>0</truncated>
		<difficult>0</difficult>
		<bndbox>
			<xmin>568</xmin>
			<ymin>147</ymin>
			<xmax>2488</xmax>
			<ymax>3551</ymax>
		</bndbox>
	</object>
</annotation>