<annotation>
	<folder>WATER_TOPDOWN</folder>
	<filename>watertp_55.jpg</filename>
	<path>C:\Users\sammy\OneDrive\Documents\Maths Assignments\Dissertation\TOPDOWN_IMGS\WATER_TOPDOWN\watertp_55.jpg</path>
	<source>
		<database>Unknown</database>
	</source>
	<size>
		<width>2679</width>
		<height>1739</height>
		<depth>3</depth>
	</size>
	<segmented>0</segmented>
	<object>
		<name>water</name>
		<pose>Unspecified</pose>
		<truncated>0</truncated>
		<difficult>0</difficult>
		<bndbox>
			<xmin>162</xmin>
			<ymin>350</ymin>
			<xmax>2397</xmax>
			<ymax>998</ymax>
		</bndbox>
	</object>
	<object>
		<name>rock</name>
		<pose>Unspecified</pose>
		<truncated>0</truncated>
		<difficult>0</difficult>
		<bndbox>
			<xmin>708</xmin>
			<ymin>1132</ymin>
			<xmax>1312</xmax>
			<ymax>1367</ymax>
		</bndbox>
	</object>
</annotation>