<annotation>
	<folder>WATER_TOPDOWN</folder>
	<filename>watertp_6.jpg</filename>
	<path>C:\Users\sammy\OneDrive\Documents\Maths Assignments\Dissertation\TOPDOWN_IMGS\WATER_TOPDOWN\watertp_6.jpg</path>
	<source>
		<database>Unknown</database>
	</source>
	<size>
		<width>4690</width>
		<height>2638</height>
		<depth>3</depth>
	</size>
	<segmented>0</segmented>
	<object>
		<name>water</name>
		<pose>Unspecified</pose>
		<truncated>0</truncated>
		<difficult>0</difficult>
		<bndbox>
			<xmin>824</xmin>
			<ymin>957</ymin>
			<xmax>3817</xmax>
			<ymax>1544</ymax>
		</bndbox>
	</object>
	<object>
		<name>rock</name>
		<pose>Unspecified</pose>
		<truncated>0</truncated>
		<difficult>0</difficult>
		<bndbox>
			<xmin>3882</xmin>
			<ymin>1531</ymin>
			<xmax>4656</xmax>
			<ymax>1734</ymax>
		</bndbox>
	</object>
	<object>
		<name>rock</name>
		<pose>Unspecified</pose>
		<truncated>0</truncated>
		<difficult>0</difficult>
		<bndbox>
			<xmin>424</xmin>
			<ymin>724</ymin>
			<xmax>927</xmax>
			<ymax>870</ymax>
		</bndbox>
	</object>
</annotation>