<annotation>
	<folder>WATER_TOPDOWN</folder>
	<filename>watertp_43.jpg</filename>
	<path>C:\Users\sammy\OneDrive\Documents\Maths Assignments\Dissertation\TOPDOWN_IMGS\WATER_TOPDOWN\watertp_43.jpg</path>
	<source>
		<database>Unknown</database>
	</source>
	<size>
		<width>1240</width>
		<height>895</height>
		<depth>3</depth>
	</size>
	<segmented>0</segmented>
	<object>
		<name>water</name>
		<pose>Unspecified</pose>
		<truncated>0</truncated>
		<difficult>0</difficult>
		<bndbox>
			<xmin>452</xmin>
			<ymin>366</ymin>
			<xmax>884</xmax>
			<ymax>604</ymax>
		</bndbox>
	</object>
	<object>
		<name>water</name>
		<pose>Unspecified</pose>
		<truncated>1</truncated>
		<difficult>0</difficult>
		<bndbox>
			<xmin>1</xmin>
			<ymin>477</ymin>
			<xmax>1240</xmax>
			<ymax>895</ymax>
		</bndbox>
	</object>
	<object>
		<name>water</name>
		<pose>Unspecified</pose>
		<truncated>0</truncated>
		<difficult>0</difficult>
		<bndbox>
			<xmin>132</xmin>
			<ymin>320</ymin>
			<xmax>319</xmax>
			<ymax>366</ymax>
		</bndbox>
	</object>
</annotation>