<annotation>
	<folder>WATER_TOPDOWN</folder>
	<filename>watertp_13.jpg</filename>
	<path>C:\Users\sammy\OneDrive\Documents\Maths Assignments\Dissertation\TOPDOWN_IMGS\WATER_TOPDOWN\watertp_13.jpg</path>
	<source>
		<database>Unknown</database>
	</source>
	<size>
		<width>220</width>
		<height>147</height>
		<depth>3</depth>
	</size>
	<segmented>0</segmented>
	<object>
		<name>water</name>
		<pose>Unspecified</pose>
		<truncated>0</truncated>
		<difficult>0</difficult>
		<bndbox>
			<xmin>37</xmin>
			<ymin>73</ymin>
			<xmax>219</xmax>
			<ymax>143</ymax>
		</bndbox>
	</object>
</annotation>