<annotation>
	<folder>WATER_TOPDOWN</folder>
	<filename>watertp_65.jpg</filename>
	<path>C:\Users\sammy\OneDrive\Documents\Maths Assignments\Dissertation\TOPDOWN_IMGS\WATER_TOPDOWN\watertp_65.jpg</path>
	<source>
		<database>Unknown</database>
	</source>
	<size>
		<width>730</width>
		<height>507</height>
		<depth>3</depth>
	</size>
	<segmented>0</segmented>
	<object>
		<name>water</name>
		<pose>Unspecified</pose>
		<truncated>1</truncated>
		<difficult>0</difficult>
		<bndbox>
			<xmin>1</xmin>
			<ymin>228</ymin>
			<xmax>730</xmax>
			<ymax>470</ymax>
		</bndbox>
	</object>
	<object>
		<name>vegetation</name>
		<pose>Unspecified</pose>
		<truncated>1</truncated>
		<difficult>0</difficult>
		<bndbox>
			<xmin>437</xmin>
			<ymin>146</ymin>
			<xmax>730</xmax>
			<ymax>299</ymax>
		</bndbox>
	</object>
	<object>
		<name>vegetation</name>
		<pose>Unspecified</pose>
		<truncated>1</truncated>
		<difficult>0</difficult>
		<bndbox>
			<xmin>403</xmin>
			<ymin>332</ymin>
			<xmax>730</xmax>
			<ymax>479</ymax>
		</bndbox>
	</object>
	<object>
		<name>vegetation</name>
		<pose>Unspecified</pose>
		<truncated>1</truncated>
		<difficult>0</difficult>
		<bndbox>
			<xmin>1</xmin>
			<ymin>189</ymin>
			<xmax>59</xmax>
			<ymax>314</ymax>
		</bndbox>
	</object>
</annotation>