<annotation>
	<folder>WATER_TOPDOWN</folder>
	<filename>watertp_51.jpg</filename>
	<path>C:\Users\sammy\OneDrive\Documents\Maths Assignments\Dissertation\TOPDOWN_IMGS\WATER_TOPDOWN\watertp_51.jpg</path>
	<source>
		<database>Unknown</database>
	</source>
	<size>
		<width>1818</width>
		<height>1228</height>
		<depth>3</depth>
	</size>
	<segmented>0</segmented>
	<object>
		<name>water</name>
		<pose>Unspecified</pose>
		<truncated>0</truncated>
		<difficult>0</difficult>
		<bndbox>
			<xmin>696</xmin>
			<ymin>624</ymin>
			<xmax>1223</xmax>
			<ymax>1189</ymax>
		</bndbox>
	</object>
	<object>
		<name>rock</name>
		<pose>Unspecified</pose>
		<truncated>1</truncated>
		<difficult>0</difficult>
		<bndbox>
			<xmin>4</xmin>
			<ymin>501</ymin>
			<xmax>568</xmax>
			<ymax>1228</ymax>
		</bndbox>
	</object>
	<object>
		<name>rock</name>
		<pose>Unspecified</pose>
		<truncated>1</truncated>
		<difficult>0</difficult>
		<bndbox>
			<xmin>1573</xmin>
			<ymin>567</ymin>
			<xmax>1818</xmax>
			<ymax>1228</ymax>
		</bndbox>
	</object>
	<object>
		<name>vegetation</name>
		<pose>Unspecified</pose>
		<truncated>0</truncated>
		<difficult>0</difficult>
		<bndbox>
			<xmin>483</xmin>
			<ymin>851</ymin>
			<xmax>817</xmax>
			<ymax>1199</ymax>
		</bndbox>
	</object>
</annotation>